ID,Problem Name,Topic,Difficulty,LeetCode URL,YouTube URL
1,"Input Output","Learn the basics",Easy,"","https://youtu.be/EAR7De6Goz4?t=250"
2,"Cpp Basics","Learn the basics",Easy,"","https://youtu.be/EAR7De6Goz4?t=2415"
3,"If ElseIf","Learn the basics",Easy,"","https://youtu.be/EAR7De6Goz4?t=1259"
4,"Switch Case","Learn the basics",Easy,"","https://youtu.be/EAR7De6Goz4"
5,"What are arrays, strings?","Learn the basics",Easy,"","https://youtu.be/EAR7De6Goz4?t=2415"
6,"For loops","Learn the basics",Easy,"","https://youtu.be/EAR7De6Goz4?t=3096"
7,"While loops","Learn the basics",Easy,"","https://youtu.be/EAR7De6Goz4?t=3459"
8,"Functions (Pass by Reference and Value)","Learn the basics",Easy,"","https://youtu.be/EAR7De6Goz4?t=3677"
9,"Theory with examples","Learn the basics",Easy,"","https://youtu.be/FPu9Uld7W-E"
10,"Easy and Medium","Learn the basics",Easy,"","https://www.youtube.com/watch?v=tNm_NNSB3_w&list=PLgUwDviBIf0oF6QL8m22w1hIDC1vJ_BHz&index=3"
11,"Hard","Learn the basics",Easy,"","https://www.youtube.com/watch?v=tNm_NNSB3_w&list=PLgUwDviBIf0oF6QL8m22w1hIDC1vJ_BHz&index=3"
12,"Pattern 1","Learn the basics",Easy,"","https://www.youtube.com/watch?v=tNm_NNSB3_w&list=PLgUwDviBIf0oF6QL8m22w1hIDC1vJ_BHz&index=3"
13,"Pattern 2","Learn the basics",Easy,"","https://www.youtube.com/watch?v=tNm_NNSB3_w&list=PLgUwDviBIf0oF6QL8m22w1hIDC1vJ_BHz&index=3"
14,"Pattern 3","Learn the basics",Easy,"","https://www.youtube.com/watch?v=tNm_NNSB3_w&list=PLgUwDviBIf0oF6QL8m22w1hIDC1vJ_BHz&index=3"
15,"Pattern 4","Learn the basics",Easy,"","https://www.youtube.com/watch?v=tNm_NNSB3_w&list=PLgUwDviBIf0oF6QL8m22w1hIDC1vJ_BHz&index=3"
16,"Pattern 5","Learn the basics",Easy,"","https://www.youtube.com/watch?v=tNm_NNSB3_w&list=PLgUwDviBIf0oF6QL8m22w1hIDC1vJ_BHz&index=3"
17,"Pattern 6","Learn the basics",Easy,"","https://www.youtube.com/watch?v=tNm_NNSB3_w&list=PLgUwDviBIf0oF6QL8m22w1hIDC1vJ_BHz&index=3"
18,"Pattern 7","Learn the basics",Easy,"","https://www.youtube.com/watch?v=tNm_NNSB3_w&list=PLgUwDviBIf0oF6QL8m22w1hIDC1vJ_BHz&index=3"
19,"Pattern 8","Learn the basics",Easy,"","https://www.youtube.com/watch?v=tNm_NNSB3_w&list=PLgUwDviBIf0oF6QL8m22w1hIDC1vJ_BHz&index=3"
20,"Pattern 9","Learn the basics",Easy,"","https://www.youtube.com/watch?v=tNm_NNSB3_w&list=PLgUwDviBIf0oF6QL8m22w1hIDC1vJ_BHz&index=3"
21,"Pattern 10","Learn the basics",Easy,"","https://www.youtube.com/watch?v=tNm_NNSB3_w&list=PLgUwDviBIf0oF6QL8m22w1hIDC1vJ_BHz&index=3"
22,"Pattern 11","Learn the basics",Easy,"","https://www.youtube.com/watch?v=tNm_NNSB3_w&list=PLgUwDviBIf0oF6QL8m22w1hIDC1vJ_BHz&index=3"
23,"Pattern 12","Learn the basics",Easy,"","https://www.youtube.com/watch?v=tNm_NNSB3_w&list=PLgUwDviBIf0oF6QL8m22w1hIDC1vJ_BHz&index=3"
24,"Pattern 13","Learn the basics",Easy,"","https://www.youtube.com/watch?v=tNm_NNSB3_w&list=PLgUwDviBIf0oF6QL8m22w1hIDC1vJ_BHz&index=3"
25,"Pattern 14","Learn the basics",Easy,"","https://www.youtube.com/watch?v=tNm_NNSB3_w&list=PLgUwDviBIf0oF6QL8m22w1hIDC1vJ_BHz&index=3"
26,"Pattern 15","Learn the basics",Easy,"","https://www.youtube.com/watch?v=tNm_NNSB3_w&list=PLgUwDviBIf0oF6QL8m22w1hIDC1vJ_BHz&index=3"
27,"Pattern 16","Learn the basics",Easy,"","https://www.youtube.com/watch?v=tNm_NNSB3_w&list=PLgUwDviBIf0oF6QL8m22w1hIDC1vJ_BHz&index=3"
28,"Pattern 17","Learn the basics",Easy,"","https://www.youtube.com/watch?v=tNm_NNSB3_w&list=PLgUwDviBIf0oF6QL8m22w1hIDC1vJ_BHz&index=3"
29,"Pattern 18","Learn the basics",Easy,"","https://www.youtube.com/watch?v=tNm_NNSB3_w&list=PLgUwDviBIf0oF6QL8m22w1hIDC1vJ_BHz&index=3"
30,"Pattern 19","Learn the basics",Easy,"","https://www.youtube.com/watch?v=tNm_NNSB3_w&list=PLgUwDviBIf0oF6QL8m22w1hIDC1vJ_BHz&index=3"
31,"Pattern 20","Learn the basics",Medium,"","https://www.youtube.com/watch?v=tNm_NNSB3_w&list=PLgUwDviBIf0oF6QL8m22w1hIDC1vJ_BHz&index=3"
32,"Pattern 21","Learn the basics",Medium,"","https://www.youtube.com/watch?v=tNm_NNSB3_w&list=PLgUwDviBIf0oF6QL8m22w1hIDC1vJ_BHz&index=3"
33,"Pattern 22","Learn the basics",Medium,"","https://www.youtube.com/watch?v=tNm_NNSB3_w&list=PLgUwDviBIf0oF6QL8m22w1hIDC1vJ_BHz&index=3"
34,"STL","Learn the basics",Easy,"","https://www.youtube.com/watch?v=RRVYpIET_RU"
35,"Java Collections","Learn the basics",Easy,"",""
36,"Count all Digits of a Number","Learn the basics",Easy,"","https://youtu.be/1xNbjMdbjug"
37,"Reverse a number","Learn the basics",Easy,"https://leetcode.com/problems/reverse-integer/","https://youtu.be/1xNbjMdbjug?t=930"
38,"Palindrome Number","Learn the basics",Easy,"https://leetcode.com/problems/palindrome-number/","https://youtu.be/1xNbjMdbjug?t=1230"
39,"GCD of Two Numbers","Learn the basics",Easy,"","https://youtu.be/1xNbjMdbjug?t=2684"
40,"Check if the Number is Armstrong","Learn the basics",Easy,"https://leetcode.com/problems/armstrong-number/","https://youtu.be/1xNbjMdbjug?t=1418"
41,"Print all Divisors","Learn the basics",Easy,"","https://youtu.be/1xNbjMdbjug?t=1580"
42,"Check for Prime Number","Learn the basics",Easy,"","https://youtu.be/1xNbjMdbjug?t=2381"
43,"Understand recursion by print something N times","Learn the basics",Easy,"","https://www.youtube.com/watch?v=yVdKa8dnKiE&list=PLgUwDviBIf0rGlzIn_7rsaR2FQ5e6ZOL9"
44,"Print name N times using recursion","Learn the basics",Easy,"","https://www.youtube.com/watch?v=un6PLygfXrA&list=PLgUwDviBIf0rGlzIn_7rsaR2FQ5e6ZOL9&index=2"
45,"Print 1 to N using Recursion","Learn the basics",Easy,"","https://www.youtube.com/watch?v=un6PLygfXrA&list=PLgUwDviBIf0rGlzIn_7rsaR2FQ5e6ZOL9&index=2"
46,"Print N to 1 using Recursion","Learn the basics",Easy,"","https://www.youtube.com/watch?v=un6PLygfXrA&list=PLgUwDviBIf0rGlzIn_7rsaR2FQ5e6ZOL9&index=2"
47,"Sum of First N Numbers","Learn the basics",Easy,"","https://www.youtube.com/watch?v=69ZCDFy-OUo&list=PLgUwDviBIf0rGlzIn_7rsaR2FQ5e6ZOL9&index=3"
48,"Factorial of a given number","Learn the basics",Easy,"","https://www.youtube.com/watch?v=69ZCDFy-OUo&list=PLgUwDviBIf0rGlzIn_7rsaR2FQ5e6ZOL9&index=3"
49,"Reverse an array","Learn the basics",Easy,"","https://www.youtube.com/watch?v=twuC1F6gLI8&list=PLgUwDviBIf0rGlzIn_7rsaR2FQ5e6ZOL9&index=4"
50,"Check if String is Palindrome or Not ","Learn the basics",Easy,"https://leetcode.com/problems/valid-palindrome/","https://www.youtube.com/watch?v=twuC1F6gLI8&list=PLgUwDviBIf0rGlzIn_7rsaR2FQ5e6ZOL9&index=4"
51,"Fibonacci Number","Learn the basics",Easy,"https://leetcode.com/problems/fibonacci-number/","https://www.youtube.com/watch?v=kvRjNm4rVBE&list=PLgUwDviBIf0rGlzIn_7rsaR2FQ5e6ZOL9&index=5"
52,"Basic Hashing","Learn the basics",Easy,"","https://www.youtube.com/watch?v=KEs5UyBJ39g"
53,"Counting Frequencies of Array Elements","Learn the basics",Easy,"",""
54,"Highest Occurring Element in an Array","Learn the basics",Easy,"https://leetcode.com/problems/frequency-of-the-most-frequent-element/",""
55,"Selection Sort","Learn Important Sorting Techniques",Easy,"","https://youtu.be/HGk_ypEuS24?t=167"
56,"Bubble Sort","Learn Important Sorting Techniques",Easy,"","https://youtu.be/HGk_ypEuS24?t=1061"
57,"Insertion Sorting","Learn Important Sorting Techniques",Easy,"","https://youtu.be/HGk_ypEuS24?t=1900"
58,"Merge Sorting","Learn Important Sorting Techniques",Medium,"","https://youtu.be/ogjf7ORKfd8"
59,"Recursive Bubble Sort","Learn Important Sorting Techniques",Easy,"",""
60,"Recursive Insertion Sort","Learn Important Sorting Techniques",Easy,"",""
61,"Quick Sorting","Learn Important Sorting Techniques",Easy,"","https://youtu.be/WIrA4YexLRQ"
62,"Largest Element ","Solve Problems on Arrays [Easy -> Medium -> Hard]",Easy,"","https://youtu.be/37E9ckMDdTk?t=526"
63,"Second Largest Element","Solve Problems on Arrays [Easy -> Medium -> Hard]",Easy,"","https://youtu.be/37E9ckMDdTk?t=810"
64,"Check if the Array is Sorted II","Solve Problems on Arrays [Easy -> Medium -> Hard]",Easy,"https://leetcode.com/problems/check-if-array-is-sorted-and-rotated/#:~:text=Input%3A%20nums%20%3D%20%5B2%2C,no%20rotation)%20to%20make%20nums.","https://youtu.be/37E9ckMDdTk?t=17224"
65,"Remove duplicates from Sorted array","Solve Problems on Arrays [Easy -> Medium -> Hard]",Easy,"https://leetcode.com/problems/remove-duplicates-from-sorted-array/#:~:text=Input%3A%20nums%20%3D%20%5B0%2C,%2C%203%2C%20and%204%20respectively.","https://youtu.be/37E9ckMDdTk?t=1887"
66,"Left Rotate Array by One","Solve Problems on Arrays [Easy -> Medium -> Hard]",Easy,"https://leetcode.com/problems/rotate-array/","https://youtu.be/wvcQg43_V8U?t=61"
67,"Left Rotate Array by K Places","Solve Problems on Arrays [Easy -> Medium -> Hard]",Easy,"https://leetcode.com/problems/rotate-array/","https://youtu.be/wvcQg43_V8U?t=485"
68,"Move Zeros to End","Solve Problems on Arrays [Easy -> Medium -> Hard]",Easy,"https://leetcode.com/problems/move-zeroes/","https://youtu.be/wvcQg43_V8U?t=1633"
69,"Linear Search","Solve Problems on Arrays [Easy -> Medium -> Hard]",Easy,"","https://youtu.be/wvcQg43_V8U?t=2465"
70,"Union of two sorted arrays","Solve Problems on Arrays [Easy -> Medium -> Hard]",Easy,"","https://youtu.be/wvcQg43_V8U?t=2584"
71,"Find missing number","Solve Problems on Arrays [Easy -> Medium -> Hard]",Easy,"",""
72,"Maximum Consecutive Ones","Solve Problems on Arrays [Easy -> Medium -> Hard]",Easy,"https://leetcode.com/problems/max-consecutive-ones/","https://youtu.be/bYWLJb3vCWY?t=1124"
73,"Find the number that appears once, and other numbers twice.","Solve Problems on Arrays [Easy -> Medium -> Hard]",Medium,"https://leetcode.com/problems/single-number/","https://youtu.be/bYWLJb3vCWY?t=1369"
74,"Longest subarray with given sum K(positives)","Solve Problems on Arrays [Easy -> Medium -> Hard]",Medium,"","https://www.youtube.com/watch?v=frf7qxiN2qU&feature=youtu.be"
75,"Longest subarray with sum K","Solve Problems on Arrays [Easy -> Medium -> Hard]",Medium,"","https://youtu.be/frf7qxiN2qU"
76,"Two Sum","Solve Problems on Arrays [Easy -> Medium -> Hard]",Easy,"https://leetcode.com/problems/two-sum/","https://youtu.be/UXDSeD9mN-k"
77,"Sort an array of 0's 1's and 2's","Solve Problems on Arrays [Easy -> Medium -> Hard]",Medium,"https://leetcode.com/problems/sort-colors/","https://youtu.be/tp8JIuCXBaU"
78,"Majority Element-I","Solve Problems on Arrays [Easy -> Medium -> Hard]",Easy,"https://leetcode.com/problems/majority-element/","https://youtu.be/nP_ns3uSh80"
79,"Kadane's Algorithm","Solve Problems on Arrays [Easy -> Medium -> Hard]",Medium,"https://leetcode.com/problems/maximum-subarray/","https://youtu.be/AHZpyENo7k4?si=QJpof4R1hHokm1hw"
80,"Print subarray with maximum subarray sum (extended version of above problem)","Solve Problems on Arrays [Easy -> Medium -> Hard]",Medium,"","https://youtu.be/AHZpyENo7k4"
81,"Stock Buy and Sell","Solve Problems on Arrays [Easy -> Medium -> Hard]",Medium,"https://leetcode.com/problems/best-time-to-buy-and-sell-stock/","https://youtu.be/excAOvwF_Wk"
82,"Rearrange array elements by sign","Solve Problems on Arrays [Easy -> Medium -> Hard]",Medium,"https://leetcode.com/problems/rearrange-array-elements-by-sign/","https://youtu.be/h4aBagy4Uok"
83,"Next Permutation","Solve Problems on Arrays [Easy -> Medium -> Hard]",Medium,"https://leetcode.com/problems/next-permutation/","https://youtu.be/JDOXKqF60RQ"
84,"Leaders in an Array","Solve Problems on Arrays [Easy -> Medium -> Hard]",Medium,"","https://youtu.be/cHrH9CQ8pmY"
85,"Longest Consecutive Sequence in an Array","Solve Problems on Arrays [Easy -> Medium -> Hard]",Medium,"https://leetcode.com/problems/longest-consecutive-sequence/solution/","https://youtu.be/oO5uLE7EUlM"
86,"Set Matrix Zeroes","Solve Problems on Arrays [Easy -> Medium -> Hard]",Medium,"https://leetcode.com/problems/set-matrix-zeroes/","https://youtu.be/N0MgLvceX7M"
87,"Rotate matrix by 90 degrees","Solve Problems on Arrays [Easy -> Medium -> Hard]",Medium,"https://leetcode.com/problems/rotate-image/","https://youtu.be/Z0R2u6gd3GU"
88,"Print the matrix in spiral manner","Solve Problems on Arrays [Easy -> Medium -> Hard]",Medium,"https://leetcode.com/problems/spiral-matrix/","https://youtu.be/3Zv-s9UUrFM"
89,"Count subarrays with given sum","Solve Problems on Arrays [Easy -> Medium -> Hard]",Medium,"https://leetcode.com/problems/subarray-sum-equals-k/","https://www.youtube.com/watch?v=xvNwoz-ufXA&list=PLgUwDviBIf0oF6QL8m22w1hIDC1vJ_BHz&index=32"
90,"Pascal's Triangle I","Solve Problems on Arrays [Easy -> Medium -> Hard]",Easy,"https://leetcode.com/problems/pascals-triangle/","https://youtu.be/bR7mQgwQ_o8"
91,"Majority Element-II","Solve Problems on Arrays [Easy -> Medium -> Hard]",Hard,"https://leetcode.com/problems/majority-element-ii/","https://youtu.be/vwZj1K0e9U8"
92,"3 Sum","Solve Problems on Arrays [Easy -> Medium -> Hard]",Medium,"https://leetcode.com/problems/3sum/","https://youtu.be/DhFh8Kw7ymk"
93,"4 Sum","Solve Problems on Arrays [Easy -> Medium -> Hard]",Medium,"https://leetcode.com/problems/4sum/","https://youtu.be/eD95WRfh81c"
94,"Largest Subarray with Sum 0","Solve Problems on Arrays [Easy -> Medium -> Hard]",Medium,"","https://www.youtube.com/watch?v=xmguZ6GbatA&list=PLgUwDviBIf0p4ozDR_kJJkONnb1wdx2Ma&index=23"
95,"Count subarrays with given xor K","Solve Problems on Arrays [Easy -> Medium -> Hard]",Hard,"","https://youtu.be/eZr-6p0B7ME"
96,"Merge Overlapping Subintervals","Solve Problems on Arrays [Easy -> Medium -> Hard]",Medium,"https://leetcode.com/problems/merge-intervals/","https://youtu.be/IexN60k62jo"
97,"Merge two sorted arrays without extra space","Solve Problems on Arrays [Easy -> Medium -> Hard]",Medium,"https://leetcode.com/problems/merge-sorted-array/","https://youtu.be/n7uwj04E0I4"
98,"Find the repeating and missing number","Solve Problems on Arrays [Easy -> Medium -> Hard]",Hard,"","https://youtu.be/2D0D8HE6uak"
99,"Count Inversions","Solve Problems on Arrays [Easy -> Medium -> Hard]",Hard,"","https://youtu.be/AseUmwVNaoY"
100,"Reverse Pairs","Solve Problems on Arrays [Easy -> Medium -> Hard]",Hard,"https://leetcode.com/problems/reverse-pairs/","https://youtu.be/0e4bZaP3MDI"
101,"Maximum Product Subarray in an Array","Solve Problems on Arrays [Easy -> Medium -> Hard]",Hard,"https://leetcode.com/problems/maximum-product-subarray/",""
102,"Search X in sorted array","Binary Search [1D, 2D Arrays, Search Space]",Easy,"https://leetcode.com/problems/binary-search/","https://youtu.be/MHf6awe89xw"
103,"Lower Bound ","Binary Search [1D, 2D Arrays, Search Space]",Easy,"","https://youtu.be/6zhGS79oQ4k"
104,"Upper Bound","Binary Search [1D, 2D Arrays, Search Space]",Easy,"","https://youtu.be/6zhGS79oQ4k"
105,"Search insert position","Binary Search [1D, 2D Arrays, Search Space]",Easy,"https://leetcode.com/problems/search-insert-position/#:~:text=Search%20Insert%20Position%20%2D%20LeetCode&text=Given%20a%20sorted%20array%20of,(log%20n)%20runtime%20complexity.","https://youtu.be/6zhGS79oQ4k"
106,"Floor and Ceil in Sorted Array","Binary Search [1D, 2D Arrays, Search Space]",Easy,"","https://www.youtube.com/watch?v=6zhGS79oQ4k&list=PLgUwDviBIf0pMFMWuuvDNMAkoQFi-h0ZF&index=3"
107,"First and last occurrence","Binary Search [1D, 2D Arrays, Search Space]",Easy,"https://leetcode.com/problems/find-first-and-last-position-of-element-in-sorted-array/","https://youtu.be/hjR1IYVx9lY"
108,"Count Occurrences in a Sorted Array","Binary Search [1D, 2D Arrays, Search Space]",Easy,"","https://youtu.be/hjR1IYVx9lY"
109,"Search in rotated sorted array-I","Binary Search [1D, 2D Arrays, Search Space]",Medium,"https://leetcode.com/problems/search-in-rotated-sorted-array/","https://www.youtube.com/watch?v=r3pMQ8-Ad5s&list=PLgUwDviBIf0p4ozDR_kJJkONnb1wdx2Ma&index=64"
110,"Search in rotated sorted array-II","Binary Search [1D, 2D Arrays, Search Space]",Medium,"https://leetcode.com/problems/search-in-rotated-sorted-array-ii/","https://youtu.be/w2G2W8l__pc"
111,"Find minimum in Rotated Sorted Array","Binary Search [1D, 2D Arrays, Search Space]",Easy,"https://leetcode.com/problems/find-minimum-in-rotated-sorted-array/","https://youtu.be/nhEMDKMB44g"
112,"Find out how many times the array is rotated","Binary Search [1D, 2D Arrays, Search Space]",Easy,"","https://youtu.be/jtSiWTPLwd0"
113,"Single element in a Sorted Array","Binary Search [1D, 2D Arrays, Search Space]",Medium,"https://leetcode.com/problems/single-element-in-a-sorted-array/","https://youtu.be/AZOmHuHadxQ"
114,"Find peak element","Binary Search [1D, 2D Arrays, Search Space]",Medium,"https://leetcode.com/problems/find-peak-element/#:~:text=Find%20Peak%20Element%20%2D%20LeetCode&text=A%20peak%20element%20is%20an,to%20any%20of%20the%20peaks.","https://youtu.be/cXxmbemS6XM"
115,"Find square root of a number","Binary Search [1D, 2D Arrays, Search Space]",Medium,"","https://youtu.be/Bsv3FPUX_BA"
116,"Find Nth root of a number","Binary Search [1D, 2D Arrays, Search Space]",Medium,"","https://www.youtube.com/watch?v=WjpswYrS2nY&list=PLgUwDviBIf0p4ozDR_kJJkONnb1wdx2Ma&index=62"
117,"Koko eating bananas","Binary Search [1D, 2D Arrays, Search Space]",Medium,"https://leetcode.com/problems/koko-eating-bananas/","https://youtu.be/qyfekrNni90"
118,"Minimum days to make M bouquets","Binary Search [1D, 2D Arrays, Search Space]",Medium,"https://leetcode.com/problems/minimum-number-of-days-to-make-m-bouquets/","https://youtu.be/TXAuxeYBTdg"
119,"Find the smallest divisor","Binary Search [1D, 2D Arrays, Search Space]",Medium,"https://leetcode.com/problems/find-the-smallest-divisor-given-a-threshold/","https://youtu.be/UvBKTVaG6U8"
120,"Capacity to Ship Packages Within D Days","Binary Search [1D, 2D Arrays, Search Space]",Medium,"https://leetcode.com/problems/capacity-to-ship-packages-within-d-days/","https://youtu.be/MG-Ac4TAvTY"
121,"Kth Missing Positive Number","Binary Search [1D, 2D Arrays, Search Space]",Medium,"https://leetcode.com/problems/kth-missing-positive-number/#:~:text=Given%20an%20array%20arr%20of,13%2C...%5D.","https://youtu.be/uZ0N_hZpyps"
122,"Aggressive Cows","Binary Search [1D, 2D Arrays, Search Space]",Hard,"","https://youtu.be/R_Mfw4ew-Vo"
123,"Book Allocation Problem","Binary Search [1D, 2D Arrays, Search Space]",Hard,"","https://www.youtube.com/watch?v=gYmWHvRHu-s&list=PLgUwDviBIf0p4ozDR_kJJkONnb1wdx2Ma&index=69"
124,"Split array - largest sum","Binary Search [1D, 2D Arrays, Search Space]",Hard,"https://leetcode.com/problems/split-array-largest-sum/","https://www.youtube.com/watch?v=thUd_WJn6wk&list=PLgUwDviBIf0pMFMWuuvDNMAkoQFi-h0ZF&index=20"
125,"Painter's Partition","Binary Search [1D, 2D Arrays, Search Space]",Medium,"","https://www.youtube.com/watch?v=thUd_WJn6wk&list=PLgUwDviBIf0pMFMWuuvDNMAkoQFi-h0ZF&index=20"
126,"Minimize Max Distance to Gas Station","Binary Search [1D, 2D Arrays, Search Space]",Hard,"https://leetcode.com/problems/minimize-max-distance-to-gas-station/","https://www.youtube.com/watch?v=kMSBvlZ-_HA&list=PLgUwDviBIf0pMFMWuuvDNMAkoQFi-h0ZF&index=21"
127,"Median of 2 sorted arrays","Binary Search [1D, 2D Arrays, Search Space]",Hard,"https://leetcode.com/problems/median-of-two-sorted-arrays/","https://www.youtube.com/watch?v=NTop3VTjmxk&list=PLgUwDviBIf0p4ozDR_kJJkONnb1wdx2Ma&index=65"
128,"Kth element of 2 sorted arrays","Binary Search [1D, 2D Arrays, Search Space]",Medium,"","https://youtu.be/D1oDwWCq50g"
129,"Find row with maximum 1's","Binary Search [1D, 2D Arrays, Search Space]",Easy,"","https://youtu.be/SCz-1TtYxDI"
130,"Search in a 2D matrix","Binary Search [1D, 2D Arrays, Search Space]",Hard,"https://leetcode.com/problems/search-a-2d-matrix/","https://youtu.be/ZYpYur0znng"
131,"Search in 2D matrix - II","Binary Search [1D, 2D Arrays, Search Space]",Hard,"https://leetcode.com/problems/search-a-2d-matrix-ii/","https://youtu.be/9ZbB397jU4k"
132,"Find Peak Element - II","Binary Search [1D, 2D Arrays, Search Space]",Medium,"https://leetcode.com/problems/find-a-peak-element-ii/","https://youtu.be/nGGp5XBzC4g?si=WCop5C6Azj5gAELH"
133,"Matrix Median","Binary Search [1D, 2D Arrays, Search Space]",Hard,"","https://youtu.be/Q9wXgdxJq48?si=ScI_0uzJh7yg8nrX"
134,"Remove Outermost Parentheses","Strings [Basic and Medium]",Medium,"https://leetcode.com/problems/remove-outermost-parentheses/",""
135,"Reverse words in a given string / Palindrome Check","Strings [Basic and Medium]",Medium,"https://leetcode.com/problems/reverse-words-in-a-string/",""
136,"Largest Odd Number in a String","Strings [Basic and Medium]",Easy,"https://leetcode.com/problems/largest-odd-number-in-string/",""
137,"Longest Common Prefix","Strings [Basic and Medium]",Easy,"https://leetcode.com/problems/longest-common-prefix/",""
138,"Isomorphic String","Strings [Basic and Medium]",Easy,"https://leetcode.com/problems/isomorphic-strings/",""
139,"Rotate String","Strings [Basic and Medium]",Easy,"https://leetcode.com/problems/rotate-string/",""
140,"Check if two strings are anagram of each other","Strings [Basic and Medium]",Easy,"https://leetcode.com/problems/valid-anagram/#:~:text=Given%20two%20strings%20s%20and,the%20original%20letters%20exactly%20once.&text=Constraints%3A,.length%20%3C%3D%205%20*%2010",""
141,"Sort Characters by Frequency","Strings [Basic and Medium]",Easy,"https://leetcode.com/problems/sort-characters-by-frequency/",""
142,"Maximum Nesting Depth of the Parentheses","Strings [Basic and Medium]",Medium,"https://leetcode.com/problems/maximum-nesting-depth-of-the-parentheses/",""
143,"Roman to Integer","Strings [Basic and Medium]",Medium,"https://leetcode.com/problems/roman-to-integer/",""
144,"String to Integer (atoi)","Strings [Basic and Medium]",Medium,"https://leetcode.com/problems/string-to-integer-atoi/",""
145,"Count Number of Substrings","Strings [Basic and Medium]",Easy,"",""
146,"Longest Palindromic Substring","Strings [Basic and Medium]",Medium,"https://leetcode.com/problems/longest-palindromic-substring/",""
147,"Sum of Beauty of All Substrings","Strings [Basic and Medium]",Medium,"https://leetcode.com/problems/sum-of-beauty-of-all-substrings/",""
148,"Reverse every word in a string","Strings [Basic and Medium]",Medium,"https://leetcode.com/problems/reverse-words-in-a-string/",""
149,"Introduction to Singly LinkedList","Learn LinkedList [Single LL, Double LL, Medium, Hard Problems]",Easy,"","https://youtu.be/Nq7ok-OyEpg?si=9PR1o8OPRWil7fRA"
150,"Insertion at the head of Linked List","Learn LinkedList [Single LL, Double LL, Medium, Hard Problems]",Easy,"","https://youtu.be/VaECK03Dz-g?si=vHSwdf9jhE05adKM&t=1934"
151,"Deletion of the head of LL","Learn LinkedList [Single LL, Double LL, Medium, Hard Problems]",Easy,"https://leetcode.com/problems/delete-node-in-a-linked-list/","https://youtu.be/VaECK03Dz-g?si=CRaBHbOo2bHFbOT5"
152,"Find the length of the Linked List","Learn LinkedList [Single LL, Double LL, Medium, Hard Problems]",Easy,"","https://youtu.be/Nq7ok-OyEpg?si=xqQbukLfo2oZ6C6s&t=2240"
153,"Search in Linked List","Learn LinkedList [Single LL, Double LL, Medium, Hard Problems]",Medium,"","https://youtu.be/Nq7ok-OyEpg?si=WNXcIaXZ_B6cNq0s&t=2524"
154,"Introduction to Doubly LL","Learn LinkedList [Single LL, Double LL, Medium, Hard Problems]",Easy,"","https://youtu.be/0eKMU10uEDI?si=uDnoj_C5ghEpNLvP"
155,"Insert node before head in Doubly Linked List","Learn LinkedList [Single LL, Double LL, Medium, Hard Problems]",Easy,"","https://youtu.be/0eKMU10uEDI?si=J5a0pQTosimcO_aA&t=2684"
156,"Delete head of Doubly Linked List","Learn LinkedList [Single LL, Double LL, Medium, Hard Problems]",Easy,"","https://youtu.be/0eKMU10uEDI?si=sE7jqrW46lfRHVLd&t=853"
157,"Reverse a Doubly Linked List","Learn LinkedList [Single LL, Double LL, Medium, Hard Problems]",Medium,"","https://youtu.be/u3WUW2qe6ww?si=96Wwlju72IvmzkxE"
158,"Middle of a LinkedList [TortoiseHare Method]","Learn LinkedList [Single LL, Double LL, Medium, Hard Problems]",Easy,"https://leetcode.com/problems/middle-of-the-linked-list/","https://youtu.be/7LjQ57RqgEc?si=ir_rRDio38rhamU_"
159,"Reverse a LinkedList [Iterative]","Learn LinkedList [Single LL, Double LL, Medium, Hard Problems]",Medium,"https://leetcode.com/problems/reverse-linked-list/","https://youtu.be/D2vI2DNJGd8?si=RCaLSx01qR21IBdh"
160,"Reverse a LL","Learn LinkedList [Single LL, Double LL, Medium, Hard Problems]",Medium,"https://leetcode.com/problems/reverse-linked-list/","https://youtu.be/D2vI2DNJGd8?si=RCaLSx01qR21IBdh"
161,"Detect a loop in LL","Learn LinkedList [Single LL, Double LL, Medium, Hard Problems]",Medium,"https://leetcode.com/problems/linked-list-cycle/","https://youtu.be/wiOo4DC5GGA?si=zagt6O6tFXc4_3cx"
162,"Find the starting point in LL","Learn LinkedList [Single LL, Double LL, Medium, Hard Problems]",Medium,"https://leetcode.com/problems/linked-list-cycle-ii/","https://youtu.be/2Kd0KKmmHFc?si=7UreDPRjRvapeVB0"
163,"Length of loop in LL","Learn LinkedList [Single LL, Double LL, Medium, Hard Problems]",Medium,"","https://youtu.be/I4g1qbkTPus?si=ONktpqewvx57T8pF"
164,"Check if LL is palindrome or not","Learn LinkedList [Single LL, Double LL, Medium, Hard Problems]",Medium,"https://leetcode.com/problems/palindrome-linked-list/","https://youtu.be/lRY_G-u_8jk?si=BpM8hRYvXSYyjl-G"
165,"Segregate odd and even nodes in Linked List","Learn LinkedList [Single LL, Double LL, Medium, Hard Problems]",Medium,"https://leetcode.com/problems/odd-even-linked-list/","https://youtu.be/qf6qp7GzD5Q?si=JozAyXUdT8EJMSCQ"
166,"Remove Nth node from the back of the LL","Learn LinkedList [Single LL, Double LL, Medium, Hard Problems]",Medium,"https://leetcode.com/problems/remove-nth-node-from-end-of-list/","https://youtu.be/3kMKYQ2wNIU?si=DtFDnPU7z9HMz_GM"
167,"Delete the middle node in LL","Learn LinkedList [Single LL, Double LL, Medium, Hard Problems]",Medium,"https://leetcode.com/problems/delete-the-middle-node-of-a-linked-list/#:~:text=You%20are%20given%20the%20head,than%20or%20equal%20to%20x%20.","https://youtu.be/ePpV-_pfOeI?si=Au9GsZkVO57j6SiN"
168,"Sort LL","Learn LinkedList [Single LL, Double LL, Medium, Hard Problems]",Hard,"https://leetcode.com/problems/sort-list/","https://youtu.be/8ocB7a_c-Cc?si=Gv-Y8q8-WyARoV35"
169,"Sort a Linked List of 0's 1's and 2's","Learn LinkedList [Single LL, Double LL, Medium, Hard Problems]",Medium,"","https://youtu.be/gRII7LhdJWc?si=l3qRC7w3NhY7OAqw"
170,"Find the intersection point of Y LL","Learn LinkedList [Single LL, Double LL, Medium, Hard Problems]",Medium,"https://leetcode.com/problems/intersection-of-two-linked-lists/","https://youtu.be/0DYoPz2Tpt4?si=L-uJs5yXUxj4VJM2"
171,"Add one to a number represented by LL","Learn LinkedList [Single LL, Double LL, Medium, Hard Problems]",Medium,"","https://youtu.be/aXQWhbvT3w0?si=uRgU9S4r5cVmnUy7"
172,"Add two numbers in Linked List","Learn LinkedList [Single LL, Double LL, Medium, Hard Problems]",Medium,"https://leetcode.com/problems/add-two-numbers/","https://www.youtube.com/watch?v=LBVsXSMOIk4&list=PLgUwDviBIf0p4ozDR_kJJkONnb1wdx2Ma&index=32"
173,"Delete all occurrences of a key in DLL","Learn LinkedList [Single LL, Double LL, Medium, Hard Problems]",Hard,"","https://youtu.be/Mh0NH_SD92k?si=tCYshBRi1upMqSVz"
174,"Find Pairs with Given Sum in Doubly Linked List","Learn LinkedList [Single LL, Double LL, Medium, Hard Problems]",Medium,"","https://youtu.be/YitR4dQsddE?si=iZAC259hdngV_OxC"
175,"Remove duplicates from sorted DLL","Learn LinkedList [Single LL, Double LL, Medium, Hard Problems]",Hard,"","https://youtu.be/YJKVTnOJXSY?si=AsZoNUoewetsBjr0"
176,"Reverse LL in group of given size K","Learn LinkedList [Single LL, Double LL, Medium, Hard Problems]",Hard,"https://leetcode.com/problems/reverse-nodes-in-k-group/","https://youtu.be/lIar1skcQYI?si=_jFghHKX4eaK36a1"
177,"Rotate a LL","Learn LinkedList [Single LL, Double LL, Medium, Hard Problems]",Hard,"https://leetcode.com/problems/rotate-list/description/","https://youtu.be/uT7YI7XbTY8?si=ZaChW3a68c_v54Is"
178,"Flattening of LL","Learn LinkedList [Single LL, Double LL, Medium, Hard Problems]",Hard,"","https://youtu.be/ykelywHJWLg?si=InMg9MmTHzY22NSR"
179,"Clone a LL with random and next pointer","Learn LinkedList [Single LL, Double LL, Medium, Hard Problems]",Hard,"https://leetcode.com/problems/copy-list-with-random-pointer/","https://youtu.be/q570bKdrnlw?si=epZtpWvtNwuTf23o"
180,"Recursive Implementation of atoi()","Recursion [PatternWise]",Medium,"https://leetcode.com/problems/string-to-integer-atoi/",""
181,"Pow(x, n)","Recursion [PatternWise]",Easy,"https://leetcode.com/problems/powx-n/","https://youtu.be/l0YC3876qxg"
182,"Count Good Numbers","Recursion [PatternWise]",Medium,"https://leetcode.com/problems/count-good-numbers/",""
183,"Sort a stack using recursion","Recursion [PatternWise]",Medium,"",""
184,"Reverse a Stack","Recursion [PatternWise]",Medium,"",""
185,"Generate Binary Strings Without Consecutive 1s","Recursion [PatternWise]",Medium,"",""
186,"Generate Parentheses","Recursion [PatternWise]",Medium,"https://leetcode.com/problems/generate-parentheses/",""
187,"Power Set","Recursion [PatternWise]",Medium,"","https://www.youtube.com/watch?v=b7AYbpM5YrE&list=PLgUwDviBIf0p4ozDR_kJJkONnb1wdx2Ma&index=67"
188,"Learn All Patterns of Subsequences (Theory)","Recursion [PatternWise]",Easy,"","https://www.youtube.com/watch?v=eQCS_v3bw0Q&list=PLgUwDviBIf0rGlzIn_7rsaR2FQ5e6ZOL9&index=7"
189,"Count all subsequences with sum K","Recursion [PatternWise]",Easy,"",""
190,"Check if there exists a subsequence with sum K","Recursion [PatternWise]",Easy,"",""
191,"Combination Sum","Recursion [PatternWise]",Medium,"https://leetcode.com/problems/combination-sum/","https://www.youtube.com/watch?v=OyZFFqQtu98&list=PLgUwDviBIf0p4ozDR_kJJkONnb1wdx2Ma&index=49"
192,"Combination Sum II","Recursion [PatternWise]",Medium,"https://leetcode.com/problems/combination-sum-ii/","https://www.youtube.com/watch?v=G1fRTGRxXU8&list=PLgUwDviBIf0p4ozDR_kJJkONnb1wdx2Ma&index=50"
193,"Subsets I","Recursion [PatternWise]",Medium,"","https://www.youtube.com/watch?v=rYkfBRtMJr8&list=PLgUwDviBIf0p4ozDR_kJJkONnb1wdx2Ma&index=52"
194,"Subsets II","Recursion [PatternWise]",Medium,"https://leetcode.com/problems/subsets-ii/","https://www.youtube.com/watch?v=RIn3gOkbhQE&list=PLgUwDviBIf0p4ozDR_kJJkONnb1wdx2Ma&index=53"
195,"Combination Sum III","Recursion [PatternWise]",Medium,"https://leetcode.com/problems/combination-sum-iii/",""
196,"Letter Combinations of a Phone Number","Recursion [PatternWise]",Hard,"https://leetcode.com/problems/letter-combinations-of-a-phone-number/",""
197,"Palindrome partitioning","Recursion [PatternWise]",Hard,"","https://youtu.be/_H8V5hJUGd0"
198,"Word Search","Recursion [PatternWise]",Hard,"https://leetcode.com/problems/word-search/",""
199,"N Queen","Recursion [PatternWise]",Hard,"https://leetcode.com/problems/n-queens/","https://www.youtube.com/watch?v=i05Ju7AftcM&list=PLgUwDviBIf0p4ozDR_kJJkONnb1wdx2Ma&index=57"
200,"Rat in a Maze","Recursion [PatternWise]",Hard,"","https://www.youtube.com/watch?v=bLGZhJlt4y0&list=PLgUwDviBIf0p4ozDR_kJJkONnb1wdx2Ma&index=60"
201,"Word Break","Recursion [PatternWise]",Medium,"",""
202,"M Coloring Problem","Recursion [PatternWise]",Hard,"","https://www.youtube.com/watch?v=wuVwUK25Rfc&list=PLgUwDviBIf0p4ozDR_kJJkONnb1wdx2Ma&index=59"
203,"Sudoku Solver","Recursion [PatternWise]",Hard,"https://leetcode.com/problems/sudoku-solver/","https://www.youtube.com/watch?v=FWAIf_EVUKE&list=PLgUwDviBIf0p4ozDR_kJJkONnb1wdx2Ma&index=58"
204,"Expression Add Operators","Recursion [PatternWise]",Hard,"https://leetcode.com/problems/expression-add-operators/",""
205,"Introduction to Bits and Tricks","Bit Manipulation [Concepts & Problems]",Easy,"","https://youtu.be/qQd-ViW7bfk?si=QtdNaRhHmZb08Mr8"
206,"Check if the i-th bit is Set or Not","Bit Manipulation [Concepts & Problems]",Easy,"","https://youtu.be/nttpF8kwgd4?si=x9o8PsYaA2XVZ9rV"
207,"Check if a Number is Odd or Not","Bit Manipulation [Concepts & Problems]",Easy,"","https://youtu.be/nttpF8kwgd4?si=x9o8PsYaA2XVZ9rV"
208,"Check if a Number is Power of 2 or Not","Bit Manipulation [Concepts & Problems]",Easy,"https://leetcode.com/problems/power-of-two/","https://youtu.be/nttpF8kwgd4?si=x9o8PsYaA2XVZ9rV"
209,"Count the Number of Set Bits","Bit Manipulation [Concepts & Problems]",Easy,"","https://youtu.be/nttpF8kwgd4?si=x9o8PsYaA2XVZ9rV"
210,"Set/Unset the rightmost unset bit","Bit Manipulation [Concepts & Problems]",Easy,"","https://youtu.be/nttpF8kwgd4?si=x9o8PsYaA2XVZ9rV"
211,"Swap Two Numbers","Bit Manipulation [Concepts & Problems]",Easy,"","https://youtu.be/nttpF8kwgd4?si=x9o8PsYaA2XVZ9rV"
212,"Divide two numbers without multiplication and division","Bit Manipulation [Concepts & Problems]",Medium,"https://leetcode.com/problems/divide-two-integers/","https://youtu.be/pBD4B1tzgVc?si=G9c5pEE-RrzeU6sz"
213,"Minimum Bit Flips to Convert Number","Bit Manipulation [Concepts & Problems]",Medium,"https://leetcode.com/problems/minimum-bit-flips-to-convert-number/","https://youtu.be/OOdrmcfZXd8?si=rnkRVz1UiVBKWC69"
214,"Single Number - I","Bit Manipulation [Concepts & Problems]",Medium,"https://leetcode.com/problems/single-number/","https://youtu.be/bYWLJb3vCWY?t=1369"
215,"Power Set Bit Manipulation","Bit Manipulation [Concepts & Problems]",Medium,"https://leetcode.com/problems/subsets/","https://youtu.be/LqKaUv1G3_I?si=UXU_T5OsHiokPRvP"
216,"XOR of numbers in a given range","Bit Manipulation [Concepts & Problems]",Medium,"","https://youtu.be/WqGb7159h7Q?si=uGUEbNUUaIN_6Vvr"
217,"Single Number - III","Bit Manipulation [Concepts & Problems]",Medium,"","https://youtu.be/UA5JnV1J2sI?si=VFBRJyb3boZvx_r1"
218,"Print Prime Factors of a Number","Bit Manipulation [Concepts & Problems]",Hard,"","https://youtu.be/LT7XhVdeRyg?si=6HkjQokJRPTFai21"
219,"Divisors of a Number","Bit Manipulation [Concepts & Problems]",Easy,"","https://youtu.be/1xNbjMdbjug?t=1580"
220,"Count primes in range L to R","Bit Manipulation [Concepts & Problems]",Hard,"https://leetcode.com/problems/count-primes/","https://youtu.be/g5Fuxn_AvSk?si=fv6Q-Po7wrMW0a5n"
221,"Prime factorisation of a Number","Bit Manipulation [Concepts & Problems]",Hard,"","https://youtu.be/LT7XhVdeRyg?si=6HkjQokJRPTFai21"
222,"Pow(x,n)","Bit Manipulation [Concepts & Problems]",Easy,"https://leetcode.com/problems/powx-n/","https://youtu.be/l0YC3876qxg"
223,"Implement Stack using Arrays","Stack and Queues [Learning, Pre-In-Post-fix, Monotonic Stack, Implementation]",Easy,"","https://youtu.be/tqQ5fTamIN4?si=ofLt8Zt1ZvhikZ6w"
224,"Implement Queue using Arrays","Stack and Queues [Learning, Pre-In-Post-fix, Monotonic Stack, Implementation]",Easy,"","https://youtu.be/tqQ5fTamIN4?si=ofLt8Zt1ZvhikZ6w"
225,"Implement Stack using Queue","Stack and Queues [Learning, Pre-In-Post-fix, Monotonic Stack, Implementation]",Easy,"https://leetcode.com/problems/implement-stack-using-queues/","https://youtu.be/tqQ5fTamIN4?si=ofLt8Zt1ZvhikZ6w"
226,"Implement Queue using Stack","Stack and Queues [Learning, Pre-In-Post-fix, Monotonic Stack, Implementation]",Easy,"https://leetcode.com/problems/implement-queue-using-stacks/","https://youtu.be/tqQ5fTamIN4?si=ofLt8Zt1ZvhikZ6w"
227,"Implement stack using Linkedlist","Stack and Queues [Learning, Pre-In-Post-fix, Monotonic Stack, Implementation]",Easy,"","https://youtu.be/tqQ5fTamIN4?si=ofLt8Zt1ZvhikZ6w"
228,"Implement queue using Linkedlist","Stack and Queues [Learning, Pre-In-Post-fix, Monotonic Stack, Implementation]",Easy,"","https://youtu.be/tqQ5fTamIN4?si=ofLt8Zt1ZvhikZ6w"
229,"Balanced Paranthesis","Stack and Queues [Learning, Pre-In-Post-fix, Monotonic Stack, Implementation]",Easy,"https://leetcode.com/problems/valid-parentheses/","https://youtu.be/xwjS0iZhw4I?si=UoyKpFn4Q3nf5h2R"
230,"Implement Min Stack","Stack and Queues [Learning, Pre-In-Post-fix, Monotonic Stack, Implementation]",Hard,"https://leetcode.com/problems/min-stack/","https://youtu.be/NdDIaH91P0g?si=4_Jbsq5trFvfSdUY"
231,"Infix to Postfix Conversion","Stack and Queues [Learning, Pre-In-Post-fix, Monotonic Stack, Implementation]",Medium,"","https://youtu.be/4pIc9UBHJtk?si=ryeVvQWpCgwbTQrh"
232,"Prefix to Infix Conversion","Stack and Queues [Learning, Pre-In-Post-fix, Monotonic Stack, Implementation]",Medium,"","https://youtu.be/4pIc9UBHJtk?si=ryeVvQWpCgwbTQrh"
233,"Prefix to Postfix Conversion","Stack and Queues [Learning, Pre-In-Post-fix, Monotonic Stack, Implementation]",Medium,"","https://youtu.be/4pIc9UBHJtk?si=0pWtyDC1GhbiYP3P"
234,"Postfix to Prefix Conversion","Stack and Queues [Learning, Pre-In-Post-fix, Monotonic Stack, Implementation]",Medium,"","https://youtu.be/4pIc9UBHJtk?si=0pWtyDC1GhbiYP3P"
235,"Postfix to Infix Conversion","Stack and Queues [Learning, Pre-In-Post-fix, Monotonic Stack, Implementation]",Easy,"","https://youtu.be/4pIc9UBHJtk?si=0pWtyDC1GhbiYP3P"
236,"Infix to Prefix Conversion","Stack and Queues [Learning, Pre-In-Post-fix, Monotonic Stack, Implementation]",Medium,"","https://youtu.be/4pIc9UBHJtk?si=0pWtyDC1GhbiYP3P"
237,"Next Greater Element","Stack and Queues [Learning, Pre-In-Post-fix, Monotonic Stack, Implementation]",Medium,"https://leetcode.com/problems/next-greater-element-i/","https://youtu.be/e7XQLtOQM3I?si=QdcHpTtx6gAHsext"
238,"Next Greater Element - 2","Stack and Queues [Learning, Pre-In-Post-fix, Monotonic Stack, Implementation]",Medium,"https://leetcode.com/problems/next-greater-element-ii/","https://youtu.be/7PrncD7v9YQ?si=UkBc7eVy9HGlBpeW"
239,"Next Smaller Element","Stack and Queues [Learning, Pre-In-Post-fix, Monotonic Stack, Implementation]",Medium,"",""
240,"Number of Greater Elements to the Right","Stack and Queues [Learning, Pre-In-Post-fix, Monotonic Stack, Implementation]",Easy,"",""
241,"Trapping Rainwater","Stack and Queues [Learning, Pre-In-Post-fix, Monotonic Stack, Implementation]",Hard,"https://leetcode.com/problems/trapping-rain-water/","https://youtu.be/1_5VuquLbXg?si=NFG6df318_6OtGvg"
242,"Sum of Subarray Minimums","Stack and Queues [Learning, Pre-In-Post-fix, Monotonic Stack, Implementation]",Medium,"https://leetcode.com/problems/sum-of-subarray-minimums/","https://youtu.be/v0e8p9JCgRc?si=XAU7ekECgS5nboRw"
243,"Asteroid Collision","Stack and Queues [Learning, Pre-In-Post-fix, Monotonic Stack, Implementation]",Medium,"https://leetcode.com/problems/asteroid-collision/","https://youtu.be/_eYGqw_VDR4?si=YyxibcHq800RqgIQ"
244,"Sum of Subarray Ranges","Stack and Queues [Learning, Pre-In-Post-fix, Monotonic Stack, Implementation]",Medium,"https://leetcode.com/problems/sum-of-subarray-ranges/","https://youtu.be/gIrMptNPf5M?si=Q_GHuBvzZVs27X_U"
245,"Remove K Digits","Stack and Queues [Learning, Pre-In-Post-fix, Monotonic Stack, Implementation]",Medium,"https://leetcode.com/problems/remove-k-digits/","https://youtu.be/jmbuRzYPGrg?si=WN387gwQ7aXWkUao"
246,"Largest rectangle in a histogram","Stack and Queues [Learning, Pre-In-Post-fix, Monotonic Stack, Implementation]",Hard,"https://leetcode.com/problems/largest-rectangle-in-histogram/","https://youtu.be/Bzat9vgD0fs?si=DiBlLejXcr6EJoyB"
247,"Maximum Rectangles","Stack and Queues [Learning, Pre-In-Post-fix, Monotonic Stack, Implementation]",Hard,"https://leetcode.com/problems/maximal-rectangle/","https://youtu.be/tOylVCugy9k"
248,"Sliding Window Maximum","Stack and Queues [Learning, Pre-In-Post-fix, Monotonic Stack, Implementation]",Hard,"https://leetcode.com/problems/sliding-window-maximum/","https://youtu.be/NwBvene4Imo?si=eU1PY-bcQfk5wdog"
249,"Stock span problem","Stack and Queues [Learning, Pre-In-Post-fix, Monotonic Stack, Implementation]",Hard,"https://leetcode.com/problems/online-stock-span/","https://youtu.be/eay-zoSRkVc?si=deNNe5i38BOAntha"
250,"Celebrity Problem","Stack and Queues [Learning, Pre-In-Post-fix, Monotonic Stack, Implementation]",Hard,"https://leetcode.com/accounts/login/?next=/problems/find-the-celebrity/","https://youtu.be/cEadsbTeze4?si=olXYfOs7l-SEn2zl"
251,"LRU Cache","Stack and Queues [Learning, Pre-In-Post-fix, Monotonic Stack, Implementation]",Medium,"",""
252,"LFU Cache","Stack and Queues [Learning, Pre-In-Post-fix, Monotonic Stack, Implementation]",Hard,"https://leetcode.com/problems/lfu-cache/","https://www.youtube.com/watch?v=0PSB9y8ehbk&list=PLgUwDviBIf0p4ozDR_kJJkONnb1wdx2Ma&index=79"
253,"Longest Substring Without Repeating Characters","Sliding Window & Two Pointer Combined Problems",Medium,"https://leetcode.com/problems/longest-substring-without-repeating-characters/","https://youtu.be/-zSxTJkcdAo?si=I2zfR-vlDMg0zU9z"
254," Max Consecutive Ones III","Sliding Window & Two Pointer Combined Problems",Medium,"https://leetcode.com/problems/max-consecutive-ones-iii/","https://youtu.be/3E4JBHSLpYk?si=SoOW64pP6otEKxBw"
255," Fruit Into Baskets","Sliding Window & Two Pointer Combined Problems",Medium,"","https://youtu.be/e3bs0uA1NhQ?si=gR8pO62u-nJeFAXk"
256,"Longest Repeating Character Replacement","Sliding Window & Two Pointer Combined Problems",Hard,"https://leetcode.com/problems/longest-repeating-character-replacement/","https://youtu.be/_eNhaDCr6P0?si=pBWcEjozF5poom0p"
257,"Binary Subarrays With Sum","Sliding Window & Two Pointer Combined Problems",Hard,"https://leetcode.com/problems/binary-subarrays-with-sum/","https://youtu.be/XnMdNUkX6VM?si=Nyt8EveeLUg8lmty"
258,"Count number of Nice subarrays","Sliding Window & Two Pointer Combined Problems",Hard,"https://leetcode.com/problems/count-number-of-nice-subarrays/","https://youtu.be/j_QOv9OT9Og?si=Oq5-5hyFkzVSOZpP"
259,"Number of Substrings Containing All Three Characters","Sliding Window & Two Pointer Combined Problems",Hard,"https://leetcode.com/problems/number-of-substrings-containing-all-three-characters/","https://youtu.be/xtqN4qlgr8s?si=kuaLHVOLXhh5Z2tW"
260,"Maximum Points You Can Obtain from Cards ","Sliding Window & Two Pointer Combined Problems",Medium,"https://leetcode.com/problems/maximum-points-you-can-obtain-from-cards/","https://youtu.be/pBWCOCS636U?si=-X64rY67noxvOwrG"
261,"Longest Substring With At Most K Distinct Characters","Sliding Window & Two Pointer Combined Problems",Hard,"https://leetcode.com/problems/longest-substring-with-at-most-k-distinct-characters/","https://youtu.be/teM9ZsVRQyc?si=Kh0_u6aCkkBU3Q33"
262,"Subarrays with K Different Integers","Sliding Window & Two Pointer Combined Problems",Medium,"https://leetcode.com/problems/subarrays-with-k-different-integers/","https://youtu.be/7wYGbV_LsX4?si=KWa48RgLDCvdNqRb"
263,"Minimum Window Substring ","Sliding Window & Two Pointer Combined Problems",Hard,"https://leetcode.com/problems/minimum-window-substring/","https://youtu.be/WJaij9ffOIY?si=-xnsWIH84zWU0ICd"
264,"Minimum Window Subsequence","Sliding Window & Two Pointer Combined Problems",Hard,"https://leetcode.com/problems/minimum-window-subsequence/",""
265,"Kth smallest element in an array [use priority queue]","Heaps [Learning, Medium, Hard Problems]",Medium,"",""
266,"Heaps (Theory Video)","Heaps [Learning, Medium, Hard Problems]",Easy,"",""
267,"Implement Min Heap","Heaps [Learning, Medium, Hard Problems]",Medium,"",""
268,"Check if an array represents a min heap ","Heaps [Learning, Medium, Hard Problems]",Medium,"",""
269,"Convert Min Heap to Max Heap","Heaps [Learning, Medium, Hard Problems]",Medium,"",""
270,"K-th Largest element in an array","Heaps [Learning, Medium, Hard Problems]",Medium,"",""
271,"Sort K sorted array","Heaps [Learning, Medium, Hard Problems]",Easy,"",""
272,"Merge K sorted Lists","Heaps [Learning, Medium, Hard Problems]",Hard,"https://leetcode.com/problems/merge-k-sorted-lists/",""
273,"Replace Elements by Their Rank","Heaps [Learning, Medium, Hard Problems]",Easy,"",""
274,"Task Scheduler","Heaps [Learning, Medium, Hard Problems]",Medium,"https://leetcode.com/problems/task-scheduler/",""
275,"Hand of Straights","Heaps [Learning, Medium, Hard Problems]",Medium,"https://leetcode.com/problems/hand-of-straights/",""
276,"Design Twitter","Heaps [Learning, Medium, Hard Problems]",Medium,"https://leetcode.com/problems/design-twitter/",""
277,"Minimum Cost to Connect Sticks","Heaps [Learning, Medium, Hard Problems]",Medium,"",""
278,"Kth largest element in a stream of running integers","Heaps [Learning, Medium, Hard Problems]",Hard,"https://leetcode.com/problems/kth-largest-element-in-a-stream/#:~:text=Implement%20KthLargest%20class%3A,largest%20element%20in%20the%20stream.",""
279,"Maximum Sum Combination","Heaps [Learning, Medium, Hard Problems]",Hard,"",""
280,"Find Median from Data Stream","Heaps [Learning, Medium, Hard Problems]",Hard,"https://leetcode.com/problems/find-median-from-data-stream/",""
281,"Top K Frequent Elements","Heaps [Learning, Medium, Hard Problems]",Medium,"https://leetcode.com/problems/top-k-frequent-elements/",""
282,"Assign Cookies","Greedy Algorithms [Easy, Medium/Hard]",Easy,"https://leetcode.com/problems/assign-cookies/","https://youtu.be/DIX2p7vb9co?si=GofAIDimue-Av0Fi"
283,"Fractional Knapsack","Greedy Algorithms [Easy, Medium/Hard]",Medium,"","https://youtu.be/1ibsQrnuEEg?si=8R2By3wpHo0zZVHE"
284,"Lemonade Change","Greedy Algorithms [Easy, Medium/Hard]",Easy,"https://leetcode.com/problems/lemonade-change/","https://youtu.be/n_tmibEhO6Q?si=q1NW8MfPy0QU6fIl"
285,"Valid Paranthesis Checker","Greedy Algorithms [Easy, Medium/Hard]",Hard,"https://leetcode.com/problems/valid-parenthesis-string/","https://youtu.be/cHT6sG_hUZI?si=XRHeyh7jOaLaTy3g"
286,"N meetings in one room","Greedy Algorithms [Easy, Medium/Hard]",Medium,"","https://youtu.be/mKfhTotEguk?si=2RELeq18mpmIIN3Q"
287,"Jump Game - I","Greedy Algorithms [Easy, Medium/Hard]",Easy,"https://leetcode.com/problems/jump-game/","https://youtu.be/tZAa_jJ3SwQ?si=voKd7n9VTLDRRNzJ"
288,"Jump Game II","Greedy Algorithms [Easy, Medium/Hard]",Medium,"https://leetcode.com/problems/jump-game-ii/","https://youtu.be/7SBVnw7GSTk?si=9uUouBELh9K3m2jZ"
289,"Minimum number of platforms required for a railway","Greedy Algorithms [Easy, Medium/Hard]",Medium,"","https://youtu.be/AsGzwR_FWok?si=165acXU_dtqOHuo9"
290,"Job sequencing Problem","Greedy Algorithms [Easy, Medium/Hard]",Medium,"","https://youtu.be/QbwltemZbRg?si=wvcemJ5BLPlTRmkG"
291,"Candy","Greedy Algorithms [Easy, Medium/Hard]",Hard,"https://leetcode.com/problems/candy/","https://youtu.be/IIqVFvKE6RY?si=EjmuXZJNLQLUkEd7"
292,"Shortest Job First","Greedy Algorithms [Easy, Medium/Hard]",Medium,"","https://youtu.be/3-QbX1iDbXs?si=IH8QZUblr01F7UoQ"
293,"Program for Least Recently Used (LRU) Page Replacement Algorithm","Greedy Algorithms [Easy, Medium/Hard]",Medium,"",""
294,"Insert Interval","Greedy Algorithms [Easy, Medium/Hard]",Medium,"https://leetcode.com/problems/insert-interval/","https://youtu.be/xxRE-46OCC8?si=a7aPuIw16zDx2lAa"
295,"Merge Intervals","Greedy Algorithms [Easy, Medium/Hard]",Medium,"https://leetcode.com/problems/merge-intervals/","https://www.youtube.com/watch?v=2JzRBPFYbKE&list=PLgUwDviBIf0rPG3Ictpu74YWBQ1CaBkm2&index=6"
296,"Non-overlapping Intervals","Greedy Algorithms [Easy, Medium/Hard]",Medium,"https://leetcode.com/problems/non-overlapping-intervals/","https://youtu.be/HDHQ8lAWakY?si=JVtLqboGdpUTOVjf"
297,"Introduction to Trees","Binary Trees [Traversals, Medium and Hard Problems]",Easy,"","https://youtu.be/_ANrF3FJm7I"
298,"Binary Tree Representation in Java","Binary Trees [Traversals, Medium and Hard Problems]",Easy,"","https://youtu.be/hyLyW7rP24I"
299,"Pre, Post, Inorder in one traversal","Binary Trees [Traversals, Medium and Hard Problems]",Easy,"","https://youtu.be/ySp2epYvgTE"
300,"Preorder Traversal","Binary Trees [Traversals, Medium and Hard Problems]",Easy,"https://leetcode.com/problems/binary-tree-preorder-traversal/","https://youtu.be/RlUu72JrOCQ"
301,"Inorder Traversal of Binary Tree","Binary Trees [Traversals, Medium and Hard Problems]",Easy,"https://leetcode.com/problems/binary-tree-inorder-traversal/","https://youtu.be/Z_NEgBgbRVI"
302,"Postorder Traversal","Binary Trees [Traversals, Medium and Hard Problems]",Easy,"https://leetcode.com/problems/binary-tree-postorder-traversal/","https://youtu.be/2YBhNLodD8Q"
303,"Level Order Traversal","Binary Trees [Traversals, Medium and Hard Problems]",Easy,"https://leetcode.com/problems/binary-tree-level-order-traversal/","https://youtu.be/EoAsWbO7sqg"
304,"Iterative Preorder Traversal of Binary Tree","Binary Trees [Traversals, Medium and Hard Problems]",Easy,"https://leetcode.com/problems/binary-tree-preorder-traversal/","https://youtu.be/Bfqd8BsPVuw"
305,"Iterative Inorder Traversal of Binary Tree","Binary Trees [Traversals, Medium and Hard Problems]",Easy,"https://leetcode.com/problems/binary-tree-inorder-traversal/","https://youtu.be/lxTGsVXjwvM"
306,"Post-order Traversal of Binary Tree using 2 stack","Binary Trees [Traversals, Medium and Hard Problems]",Easy,"https://leetcode.com/problems/binary-tree-postorder-traversal/","https://youtu.be/2YBhNLodD8Q"
307,"Post-order Traversal of Binary Tree using 1 stack","Binary Trees [Traversals, Medium and Hard Problems]",Easy,"https://leetcode.com/problems/binary-tree-postorder-traversal/","https://youtu.be/NzIGLLwZBS8"
308,"Preorder, Inorder, and Postorder Traversal in one Traversal","Binary Trees [Traversals, Medium and Hard Problems]",Easy,"","https://youtu.be/ySp2epYvgTE"
309,"Maximum Depth in BT","Binary Trees [Traversals, Medium and Hard Problems]",Medium,"https://leetcode.com/problems/maximum-depth-of-binary-tree/","https://youtu.be/eD3tmO66aBA"
310,"Check for balanced binary tree","Binary Trees [Traversals, Medium and Hard Problems]",Medium,"https://leetcode.com/problems/balanced-binary-tree/","https://youtu.be/Yt50Jfbd8Po"
311,"Diameter of Binary Tree","Binary Trees [Traversals, Medium and Hard Problems]",Easy,"https://leetcode.com/problems/diameter-of-binary-tree/","https://youtu.be/Rezetez59Nk"
312,"Maximum path sum ","Binary Trees [Traversals, Medium and Hard Problems]",Medium,"https://leetcode.com/problems/binary-tree-maximum-path-sum/","https://youtu.be/WszrfSwMz58"
313,"Check if two trees are identical or not","Binary Trees [Traversals, Medium and Hard Problems]",Medium,"https://leetcode.com/problems/same-tree/","https://youtu.be/BhuvF_-PWS0"
314,"Zig Zag or Spiral Traversal","Binary Trees [Traversals, Medium and Hard Problems]",Medium,"https://leetcode.com/problems/binary-tree-zigzag-level-order-traversal/","https://youtu.be/3OXWEdlIGl4"
315,"Boundary Traversal","Binary Trees [Traversals, Medium and Hard Problems]",Medium,"https://leetcode.com/problems/boundary-of-binary-tree/","https://youtu.be/0ca1nvR0be4"
316,"Vertical Order Traversal","Binary Trees [Traversals, Medium and Hard Problems]",Medium,"https://leetcode.com/problems/vertical-order-traversal-of-a-binary-tree/","https://youtu.be/q_a6lpbKJdw"
317,"Top View of BT","Binary Trees [Traversals, Medium and Hard Problems]",Medium,"","https://youtu.be/Et9OCDNvJ78"
318,"Bottom view of BT","Binary Trees [Traversals, Medium and Hard Problems]",Medium,"","https://youtu.be/0FtVY6I4pB8"
319,"Right/Left View of Binary Tree","Binary Trees [Traversals, Medium and Hard Problems]",Medium,"https://leetcode.com/problems/binary-tree-right-side-view/","https://youtu.be/KV4mRzTjlAk"
320,"Symmetric Binary Tree","Binary Trees [Traversals, Medium and Hard Problems]",Medium,"https://leetcode.com/problems/symmetric-tree/","https://youtu.be/nKggiEpBE"
321,"Print root to leaf path in BT","Binary Trees [Traversals, Medium and Hard Problems]",Medium,"","https://youtu.be/fmflMqVOC7k"
322,"LCA in BT","Binary Trees [Traversals, Medium and Hard Problems]",Hard,"https://leetcode.com/problems/lowest-common-ancestor-of-a-binary-tree/","https://youtu.be/_-QHfMDde90"
323,"Maximum Width of BT","Binary Trees [Traversals, Medium and Hard Problems]",Medium,"https://leetcode.com/problems/maximum-width-of-binary-tree/","https://youtu.be/ZbybYvcVLks"
324,"Children Sum Property in Binary Tree","Binary Trees [Traversals, Medium and Hard Problems]",Medium,"","https://youtu.be/fnmisPM6cVo"
325,"Print all nodes at a distance of K in BT","Binary Trees [Traversals, Medium and Hard Problems]",Hard,"https://leetcode.com/problems/all-nodes-distance-k-in-binary-tree/","https://youtu.be/i9ORlEy6EsI"
326,"Minimum time taken to burn the BT from a given Node","Binary Trees [Traversals, Medium and Hard Problems]",Hard,"","https://youtu.be/2r5wLmQfD6g"
327,"Count total nodes in a complete BT","Binary Trees [Traversals, Medium and Hard Problems]",Easy,"https://leetcode.com/problems/count-complete-tree-nodes/","https://youtu.be/u-yWemKGWO0"
328,"Requirements needed to construct a unique BT","Binary Trees [Traversals, Medium and Hard Problems]",Medium,"","https://youtu.be/9GMECGQgWrQ"
329,"Construct a BT from Preorder and Inorder","Binary Trees [Traversals, Medium and Hard Problems]",Hard,"https://leetcode.com/problems/construct-binary-tree-from-preorder-and-inorder-traversal/","https://youtu.be/aZNaLrVebKQ"
330,"Construct the Binary Tree from Postorder and Inorder Traversal","Binary Trees [Traversals, Medium and Hard Problems]",Hard,"https://leetcode.com/problems/construct-binary-tree-from-inorder-and-postorder-traversal/","https://youtu.be/LgLRTaEMRVc"
331,"Serialize and De-serialize BT","Binary Trees [Traversals, Medium and Hard Problems]",Hard,"https://leetcode.com/problems/serialize-and-deserialize-binary-tree/","https://youtu.be/-YbXySKJsX8"
332,"Morris Preorder Traversal of a Binary Tree","Binary Trees [Traversals, Medium and Hard Problems]",Hard,"https://leetcode.com/problems/binary-tree-inorder-traversal/","https://youtu.be/80Zug6D1_r4"
333,"Morris Inorder Traversal of a Binary Tree","Binary Trees [Traversals, Medium and Hard Problems]",Hard,"https://leetcode.com/problems/binary-tree-inorder-traversal/","https://youtu.be/80Zug6D1_r4"
334,"Flatten Binary Tree to Linked List","Binary Trees [Traversals, Medium and Hard Problems]",Medium,"https://leetcode.com/problems/flatten-binary-tree-to-linked-list/","https://youtu.be/sWf7k1x9XR4"
335,"Introduction to BST","Binary Search Trees [Concept and Problems]",Easy,"","https://youtu.be/p7-9UvDQZ3w"
336,"Search in a Binary Search Tree","Binary Search Trees [Concept and Problems]",Easy,"https://leetcode.com/problems/search-in-a-binary-search-tree/","https://youtu.be/KcNt6v_56cc"
337,"Find Min/Max in BST","Binary Search Trees [Concept and Problems]",Easy,"",""
338,"Floor and Ceil in a BST","Binary Search Trees [Concept and Problems]",Easy,"","https://www.youtube.com/watch?v=xm_W1ub-K-w&list=PLgUwDviBIf0q8Hkd7bK2Bpryj2xVJk8Vk&index=43"
339,"Floor in a Binary Search Tree","Binary Search Trees [Concept and Problems]",Easy,"","https://youtu.be/xm_W1ub-K-w"
340,"Insert a given node in BST","Binary Search Trees [Concept and Problems]",Medium,"https://leetcode.com/problems/insert-into-a-binary-search-tree/","https://youtu.be/FiFiNvM29ps"
341,"Delete a node in BST","Binary Search Trees [Concept and Problems]",Medium,"https://leetcode.com/problems/delete-node-in-a-bst/","https://youtu.be/kouxiP_H5WE"
342,"Kth Smallest and Largest element in BST","Binary Search Trees [Concept and Problems]",Medium,"https://leetcode.com/problems/kth-smallest-element-in-a-bst/","https://youtu.be/9TJYWh0adfk"
343,"Check if a tree is a BST or not","Binary Search Trees [Concept and Problems]",Medium,"https://leetcode.com/problems/validate-binary-search-tree/","https://youtu.be/f-sj7I5oXEI"
344,"LCA in BST","Binary Search Trees [Concept and Problems]",Medium,"https://leetcode.com/problems/lowest-common-ancestor-of-a-binary-search-tree/","https://youtu.be/cX_kPV_foZc"
345,"Construct a BST from a preorder traversal","Binary Search Trees [Concept and Problems]",Medium,"https://leetcode.com/problems/construct-binary-search-tree-from-preorder-traversal/","https://youtu.be/UmJT3j26t1I"
346,"Inorder Successor/Predecessor in BST","Binary Search Trees [Concept and Problems]",Medium,"https://leetcode.com/problems/inorder-successor-in-bst/","https://youtu.be/SXKAD2svfmI"
347,"Merge 2 BST's","Binary Search Trees [Concept and Problems]",Hard,"https://leetcode.com/problems/binary-search-tree-iterator/","https://youtu.be/D2jMcmxU4bs"
348,"Two Sum In BST | Check if there exists a pair with Sum K","Binary Search Trees [Concept and Problems]",Hard,"https://leetcode.com/problems/two-sum-iv-input-is-a-bst/","https://youtu.be/ssL3sHwPeb4"
349,"Correct BST with two nodes swapped","Binary Search Trees [Concept and Problems]",Hard,"https://leetcode.com/problems/recover-binary-search-tree/","https://youtu.be/ZWGW7FminDM"
350,"Largest BST in Binary Tree","Binary Search Trees [Concept and Problems]",Hard,"https://leetcode.com/problems/maximum-sum-bst-in-binary-tree/","https://youtu.be/X0oXMdtUDwo"
351,"Introduction to Graph","Graphs [Concepts & Problems]",Easy,"","https://youtu.be/3oI-34aPMWM"
352,"Graph Representation | C++","Graphs [Concepts & Problems]",Easy,"","https://youtu.be/3oI-34aPMWM"
353,"Graph Representation | Java","Graphs [Concepts & Problems]",Easy,"","https://youtu.be/3oI-34aPMWM"
354,"Connected Components","Graphs [Concepts & Problems]",Medium,"",""
355,"Traversal Techniques","Graphs [Concepts & Problems]",Medium,"","https://youtu.be/Qzf1a--rhp8"
356,"DFS","Graphs [Concepts & Problems]",Medium,"","https://youtu.be/Qzf1a--rhp8"
357,"Number of provinces","Graphs [Concepts & Problems]",Medium,"https://leetcode.com/problems/number-of-provinces/#:~:text=A%20province%20is%20a%20group,the%20total%20number%20of%20provinces.","https://youtu.be/ACzkVtewUYA"
358,"Connected Components Problem in Matrix","Graphs [Concepts & Problems]",Medium,"",""
359,"Rotten Oranges","Graphs [Concepts & Problems]",Medium,"https://leetcode.com/problems/rotting-oranges/","https://www.youtube.com/watch?v=yf3oUhkvqA0"
360,"Flood fill algorithm","Graphs [Concepts & Problems]",Medium,"https://leetcode.com/problems/flood-fill/",""
361,"Cycle Detection in Undirected Graph (bfs)","Graphs [Concepts & Problems]",Hard,"","https://youtu.be/BPlrALf1LDU"
362,"Detect a cycle in an undirected graph","Graphs [Concepts & Problems]",Hard,"https://leetcode.com/problems/course-schedule/","https://youtu.be/zQ3zgFypzX4"
363,"Distance of nearest cell having one","Graphs [Concepts & Problems]",Medium,"https://leetcode.com/problems/01-matrix/","https://youtu.be/edXdVwkYHF8"
364,"Surrounded Regions","Graphs [Concepts & Problems]",Medium,"https://leetcode.com/problems/surrounded-regions/","https://youtu.be/BtdgAys4yMk"
365,"Number of enclaves","Graphs [Concepts & Problems]",Medium,"https://leetcode.com/problems/number-of-enclaves/","https://youtu.be/rxKcepXQgU4"
366,"Word ladder I","Graphs [Concepts & Problems]",Hard,"https://leetcode.com/problems/word-ladder/","https://youtu.be/tRPda0rcf8E"
367,"Word ladder II","Graphs [Concepts & Problems]",Hard,"https://leetcode.com/problems/word-ladder-ii/","https://youtu.be/AD4SFl7tu7I?si=EpcJQTWm2YeURvEG"
368,"Number of islands","Graphs [Concepts & Problems]",Medium,"https://leetcode.com/problems/number-of-islands/","https://www.youtube.com/watch?v=muncqlKJrH0&list=PLgUwDviBIf0oE3gA41TKO2H5bHpPd7fzn&index=8"
369,"Bipartite Graph (DFS)","Graphs [Concepts & Problems]",Hard,"https://leetcode.com/problems/is-graph-bipartite/","https://youtu.be/KG5YFfR0j8A"
370,"Cycle Detection in Directed Graph (DFS)","Graphs [Concepts & Problems]",Hard,"https://leetcode.com/problems/course-schedule-ii/discuss/293048/detecting-cycle-in-directed-graph-problem","https://youtu.be/9twcmtQj4DU"
371,"Topo Sort","Graphs [Concepts & Problems]",Hard,"","https://youtu.be/5lZ0iJMrUMk"
372,"Topological sort or Kahn's algorithm","Graphs [Concepts & Problems]",Hard,"","https://youtu.be/5lZ0iJMrUMk"
373,"Detect a cycle in a directed graph","Graphs [Concepts & Problems]",Hard,"https://leetcode.com/problems/course-schedule/","https://www.youtube.com/watch?v=uzVUw90ZFIg&list=PLgUwDviBIf0rGEWe64KWas0Nryn7SCRWw&index=12"
374,"Course Schedule I","Graphs [Concepts & Problems]",Hard,"https://leetcode.com/problems/course-schedule/","https://youtu.be/WAOfKpxYHR8"
375,"Course Schedule II","Graphs [Concepts & Problems]",Medium,"https://leetcode.com/problems/course-schedule-ii/","https://youtu.be/WAOfKpxYHR8"
376,"Find eventual safe states","Graphs [Concepts & Problems]",Hard,"https://leetcode.com/problems/find-eventual-safe-states/","https://youtu.be/2gtg3VsDGyc"
377,"Alien Dictionary","Graphs [Concepts & Problems]",Hard,"https://leetcode.com/problems/alien-dictionary/solution/","https://youtu.be/U3N_je7tWAs"
378,"Shortest path in undirected graph with unit weights","Graphs [Concepts & Problems]",Hard,"","https://www.youtube.com/watch?v=C4gxoTaI71U&list=PLgUwDviBIf0oE3gA41TKO2H5bHpPd7fzn&index=28"
379,"Shortest path in DAG","Graphs [Concepts & Problems]",Hard,"","https://www.youtube.com/watch?v=ZUFQfFaU-8U&list=PLgUwDviBIf0oE3gA41TKO2H5bHpPd7fzn&index=27"
380,"Djisktra's Algorithm","Graphs [Concepts & Problems]",Hard,"","https://www.youtube.com/watch?v=rp1SMw7HSO8&list=PLgUwDviBIf0oE3gA41TKO2H5bHpPd7fzn&index=35"
381,"Why priority Queue is used in Djisktra's Algorithm","Graphs [Concepts & Problems]",Hard,"","https://www.youtube.com/watch?v=rp1SMw7HSO8&list=PLgUwDviBIf0oE3gA41TKO2H5bHpPd7fzn&index=35"
382,"Shortest Distance in a Binary Maze","Graphs [Concepts & Problems]",Hard,"https://leetcode.com/problems/shortest-path-in-binary-matrix/","https://www.youtube.com/watch?v=U5Mw4eyUmw4&list=PLgUwDviBIf0oE3gA41TKO2H5bHpPd7fzn&index=36"
383,"Path with minimum effort","Graphs [Concepts & Problems]",Hard,"https://leetcode.com/problems/path-with-minimum-effort/","https://youtu.be/0ytpZyiZFhA"
384,"Cheapest flight within K stops","Graphs [Concepts & Problems]",Hard,"https://leetcode.com/problems/cheapest-flights-within-k-stops/","https://youtu.be/9XybHVqTHcQ"
385,"Network Delay Time","Graphs [Concepts & Problems]",Medium,"https://leetcode.com/problems/network-delay-time/",""
386,"Number of ways to arrive at destination","Graphs [Concepts & Problems]",Hard,"https://leetcode.com/problems/number-of-ways-to-arrive-at-destination/","https://youtu.be/_-0mx0SmYxA"
387,"Minimum multiplications to reach end","Graphs [Concepts & Problems]",Hard,"","https://www.youtube.com/watch?v=_BvEJ3VIDWw&list=PLgUwDviBIf0oE3gA41TKO2H5bHpPd7fzn&index=39"
388,"Bellman Ford Algorithm","Graphs [Concepts & Problems]",Hard,"","https://youtu.be/0vVofAhAYjc"
389,"Floyd warshall algorithm","Graphs [Concepts & Problems]",Hard,"","https://www.youtube.com/watch?v=YbY8cVwWAvw&list=PLgUwDviBIf0oE3gA41TKO2H5bHpPd7fzn&index=42"
390,"Find the city with the smallest number of neighbors","Graphs [Concepts & Problems]",Hard,"https://leetcode.com/problems/find-the-city-with-the-smallest-number-of-neighbors-at-a-threshold-distance/","https://youtu.be/9XybHVqTHcQ"
391,"MST theory","Graphs [Concepts & Problems]",Easy,"","https://youtu.be/ZSPjZuZWCME"
392,"Prim's Algorithm","Graphs [Concepts & Problems]",Hard,"","https://youtu.be/mJcZjjKzeqk"
393,"Disjoint Set ","Graphs [Concepts & Problems]",Hard,"","https://youtu.be/aBxjDBC4M1U"
394,"Find the MST weight","Graphs [Concepts & Problems]",Hard,"","https://youtu.be/mJcZjjKzeqk"
395,"Number of operations to make network connected","Graphs [Concepts & Problems]",Hard,"https://leetcode.com/problems/number-of-operations-to-make-network-connected/","https://youtu.be/FYrl7iz9_ZU"
396,"Most stones removed with same row or column","Graphs [Concepts & Problems]",Medium,"https://leetcode.com/problems/most-stones-removed-with-same-row-or-column/","https://youtu.be/OwMNX8SPavM"
397,"Accounts merge","Graphs [Concepts & Problems]",Hard,"https://leetcode.com/problems/accounts-merge/","https://youtu.be/FMwpt_aQOGw"
398,"Number of islands II","Graphs [Concepts & Problems]",Hard,"https://leetcode.com/problems/number-of-islands-ii/","https://youtu.be/Rn6B-Q4SNyA"
399,"Making a large island","Graphs [Concepts & Problems]",Hard,"https://leetcode.com/problems/making-a-large-island/","https://youtu.be/lgiz0Oup6gM"
400,"Swim in Rising Water","Graphs [Concepts & Problems]",Medium,"https://leetcode.com/problems/swim-in-rising-water/",""
401,"Bridges in graph","Graphs [Concepts & Problems]",Hard,"https://leetcode.com/problems/critical-connections-in-a-network/discuss/382385/find-bridges-in-a-graph","https://youtu.be/qrAub5z8FeA"
402,"Articulation point in graph","Graphs [Concepts & Problems]",Hard,"","https://youtu.be/j1QDfU21iZk"
403,"Kosaraju's algorithm","Graphs [Concepts & Problems]",Hard,"https://leetcode.com/problems/maximum-number-of-non-overlapping-substrings/discuss/766485/kosaraju-algorithm-on","https://www.youtube.com/watch?v=V8qIqJxCioo&list=PLgUwDviBIf0rGEWe64KWas0Nryn7SCRWw&index=27"
404,"Introduction to DP","Dynamic Programming [Patterns and Problems]",Easy,"","https://youtu.be/tyB0ztf0DNY"
405,"Climbing stairs","Dynamic Programming [Patterns and Problems]",Medium,"https://leetcode.com/problems/climbing-stairs/","https://youtu.be/mLfjzJsN8us"
406,"Frog Jump","Dynamic Programming [Patterns and Problems]",Medium,"","https://www.youtube.com/watch?v=EgG3jsGoPvQ"
407,"Frog jump with K distances","Dynamic Programming [Patterns and Problems]",Medium,"","https://www.youtube.com/watch?v=Kmh3rhyEtB8"
408,"Maximum sum of non adjacent elements","Dynamic Programming [Patterns and Problems]",Medium,"https://leetcode.com/problems/house-robber/","https://www.youtube.com/watch?v=GrMBfJNk_NY"
409,"House robber","Dynamic Programming [Patterns and Problems]",Medium,"https://leetcode.com/problems/house-robber-ii/","https://www.youtube.com/watch?v=3WaxQMELSkw"
410,"Ninja's training","Dynamic Programming [Patterns and Problems]",Medium,"","https://www.youtube.com/watch?v=AE39gJYuRog"
411,"Grid Unique Paths : DP on Grids (DP8)","Dynamic Programming [Patterns and Problems]",Medium,"https://leetcode.com/problems/unique-paths/","https://www.youtube.com/watch?v=sdE0A2Oxofw"
412,"Unique paths II","Dynamic Programming [Patterns and Problems]",Medium,"https://leetcode.com/problems/unique-paths-ii/","https://www.youtube.com/watch?v=TmhpgXScLyY"
413,"Minimum Falling Path Sum","Dynamic Programming [Patterns and Problems]",Medium,"https://leetcode.com/problems/minimum-path-sum/","https://youtu.be/_rgTlyky1uQ"
414,"Triangle","Dynamic Programming [Patterns and Problems]",Medium,"https://leetcode.com/problems/triangle/","https://www.youtube.com/watch?v=SrP-PiLSYC0"
415,"Ninja and his Friends","Dynamic Programming [Patterns and Problems]",Medium,"","https://www.youtube.com/watch?v=QGfn7JeXK54"
416,"Subset sum equal to target (DP- 14)","Dynamic Programming [Patterns and Problems]",Hard,"","https://www.youtube.com/watch?v=fWX9xDmIzRI"
417,"Partition equal subset sum","Dynamic Programming [Patterns and Problems]",Hard,"https://leetcode.com/problems/partition-equal-subset-sum/","https://www.youtube.com/watch?v=7win3dcgo3k"
418,"Partition a set into two subsets with minimum absolute sum difference","Dynamic Programming [Patterns and Problems]",Hard,"https://leetcode.com/problems/partition-array-into-two-arrays-to-minimize-sum-difference/","https://www.youtube.com/watch?v=GS_OqZb2CWc"
419,"Count subsets with sum K","Dynamic Programming [Patterns and Problems]",Hard,"","https://www.youtube.com/watch?v=ZHyb-A2Mte4"
420,"Count partitions with given difference","Dynamic Programming [Patterns and Problems]",Hard,"","https://www.youtube.com/watch?v=zoilQD1kYSg"
421,"Assign Cookies","Dynamic Programming [Patterns and Problems]",Easy,"https://leetcode.com/problems/assign-cookies/","https://youtu.be/DIX2p7vb9co?si=GofAIDimue-Av0Fi"
422,"Minimum Coins (DP - 20)","Dynamic Programming [Patterns and Problems]",Hard,"https://leetcode.com/problems/coin-change/","https://www.youtube.com/watch?v=myPeWb3Y68A"
423,"Target sum","Dynamic Programming [Patterns and Problems]",Hard,"https://leetcode.com/problems/target-sum/","https://www.youtube.com/watch?v=b3GD8263-PQ"
424,"Coin Change 2 (DP - 22)","Dynamic Programming [Patterns and Problems]",Hard,"https://leetcode.com/problems/coin-change-2/","https://www.youtube.com/watch?v=HgyouUi11zk"
425,"Unbounded knapsack","Dynamic Programming [Patterns and Problems]",Hard,"","https://youtu.be/OgvOZ6OrJoY"
426,"Rod Cutting Problem | (DP - 24)","Dynamic Programming [Patterns and Problems]",Hard,"","https://youtu.be/mO8XpGoJwuo"
427,"Longest common subsequence","Dynamic Programming [Patterns and Problems]",Hard,"","https://youtu.be/-zI4mrF2Pb4"
428,"Print Longest Common Subsequence | (DP - 26)","Dynamic Programming [Patterns and Problems]",Hard,"","https://youtu.be/-zI4mrF2Pb4"
429,"Longest common substring","Dynamic Programming [Patterns and Problems]",Hard,"","https://youtu.be/_wP9mWNPL5w"
430,"Longest palindromic subsequence","Dynamic Programming [Patterns and Problems]",Hard,"https://leetcode.com/problems/longest-palindromic-subsequence/","https://youtu.be/6i_T5kkfv4A"
431,"Minimum insertions to make string palindrome | DP-29","Dynamic Programming [Patterns and Problems]",Hard,"https://leetcode.com/problems/minimum-insertion-steps-to-make-a-string-palindrome/","https://www.youtube.com/watch?v=xPBLEj41rFU"
432,"Minimum insertions or deletions to convert string A to B","Dynamic Programming [Patterns and Problems]",Hard,"https://leetcode.com/problems/delete-operation-for-two-strings/","https://www.youtube.com/watch?v=yMnH0jrir0Q"
433,"Shortest common supersequence","Dynamic Programming [Patterns and Problems]",Hard,"https://leetcode.com/problems/shortest-common-supersequence/","https://youtu.be/xElxAuBcvsU"
434,"Distinct subsequences","Dynamic Programming [Patterns and Problems]",Hard,"https://leetcode.com/problems/distinct-subsequences/","https://youtu.be/nVG7eTiD2bY"
435,"Edit distance","Dynamic Programming [Patterns and Problems]",Hard,"https://leetcode.com/problems/edit-distance/","https://youtu.be/fJaKO8FbDdo"
436,"Wildcard matching","Dynamic Programming [Patterns and Problems]",Hard,"https://leetcode.com/problems/wildcard-matching/","https://youtu.be/ZmlQ3vgAOMo"
437,"Best time to buy and sell stock","Dynamic Programming [Patterns and Problems]",Medium,"https://leetcode.com/problems/best-time-to-buy-and-sell-stock/","https://youtu.be/excAOvwF_Wk"
438,"Best time to buy and sell stock II","Dynamic Programming [Patterns and Problems]",Medium,"https://leetcode.com/problems/best-time-to-buy-and-sell-stock-ii/","https://youtu.be/nGJmxkUJQGs"
439,"Best time to buy and sell stock III","Dynamic Programming [Patterns and Problems]",Medium,"https://leetcode.com/problems/best-time-to-buy-and-sell-stock-iii/description/","https://youtu.be/-uQGzhYj8BQ"
440,"Best time to buy and sell stock IV","Dynamic Programming [Patterns and Problems]",Medium,"https://leetcode.com/problems/best-time-to-buy-and-sell-stock-iv/","https://youtu.be/IV1dHbk5CDc"
441,"Best Time to Buy and Sell Stock with Cooldown","Dynamic Programming [Patterns and Problems]",Medium,"https://leetcode.com/problems/best-time-to-buy-and-sell-stock-with-cooldown/","https://youtu.be/IGIe46xw3YY"
442,"Best time to buy and sell stock with transaction fees","Dynamic Programming [Patterns and Problems]",Medium,"https://leetcode.com/problems/best-time-to-buy-and-sell-stock-with-transaction-fee/","https://youtu.be/k4eK-vEmnKg"
443,"Longest Increasing Subsequence","Dynamic Programming [Patterns and Problems]",Medium,"","https://youtu.be/on2hvxBXJH4"
444,"Print Longest Increasing Subsequence","Dynamic Programming [Patterns and Problems]",Medium,"","https://youtu.be/IFfYfonAFGc"
445,"Longest Increasing Subsequence |(DP-43)","Dynamic Programming [Patterns and Problems]",Medium,"","https://youtu.be/on2hvxBXJH4"
446,"Largest Divisible Subset","Dynamic Programming [Patterns and Problems]",Medium,"https://leetcode.com/problems/largest-divisible-subset/","https://youtu.be/gDuZwBW9VvM"
447,"Longest String Chain","Dynamic Programming [Patterns and Problems]",Medium,"https://leetcode.com/problems/longest-string-chain/","https://youtu.be/YY8iBaYcc4g"
448,"Longest Bitonic Subsequence","Dynamic Programming [Patterns and Problems]",Medium,"","https://youtu.be/y4vN0WNdrlg"
449,"Number of Longest Increasing Subsequences","Dynamic Programming [Patterns and Problems]",Medium,"https://leetcode.com/problems/number-of-longest-increasing-subsequence/","https://youtu.be/cKVl1TFdNXg"
450,"Matrix chain multiplication","Dynamic Programming [Patterns and Problems]",Hard,"","https://youtu.be/vRVfmbCFW7Y"
451,"Matrix Chain Multiplication | Bottom-Up|(DP-49)","Dynamic Programming [Patterns and Problems]",Hard,"","https://youtu.be/pDCXsbAw5Cg"
452,"Minimum cost to cut the stick","Dynamic Programming [Patterns and Problems]",Hard,"https://leetcode.com/problems/minimum-cost-to-cut-a-stick/","https://youtu.be/xwomavsC86c"
453,"Burst balloons","Dynamic Programming [Patterns and Problems]",Hard,"https://leetcode.com/problems/burst-balloons/","https://youtu.be/Yz4LlDSlkns"
454,"Different Ways to Evaluate a Boolean Expression","Dynamic Programming [Patterns and Problems]",Medium,"https://leetcode.com/problems/parsing-a-boolean-expression/","https://youtu.be/MM7fXopgyjw"
455,"Palindrome partitioning II ","Dynamic Programming [Patterns and Problems]",Hard,"https://leetcode.com/problems/palindrome-partitioning-ii/","https://youtu.be/_H8V5hJUGd0"
456,"Partition Array for Maximum Sum","Dynamic Programming [Patterns and Problems]",Medium,"https://leetcode.com/problems/partition-array-for-maximum-sum/","https://youtu.be/PhWWJmaKfMc"
457,"Maximum Rectangle Area with all 1's|(DP-55)","Dynamic Programming [Patterns and Problems]",Hard,"https://leetcode.com/problems/maximal-rectangle/","https://youtu.be/tOylVCugy9k"
458,"Count Square Submatrices with All Ones|(DP-56)","Dynamic Programming [Patterns and Problems]",Easy,"https://leetcode.com/problems/count-square-submatrices-with-all-ones/","https://youtu.be/auS1fynpnjo"
459,"Trie Implementation and Operations","Tries",Hard,"https://leetcode.com/problems/implement-trie-prefix-tree/","https://www.youtube.com/watch?v=dBGUmUQhjaM&list=PLgUwDviBIf0pcIDCZnxhv0LkHf5KzG9zp"
460,"Trie Implementation and Advanced Operations","Tries",Hard,"",""
461,"Longest Word with All Prefixes","Tries",Medium,"","https://www.youtube.com/watch?v=AWnBa91lThI&list=PLgUwDviBIf0pcIDCZnxhv0LkHf5KzG9zp&index=3"
462,"Number of distinct substrings in a string","Tries",Medium,"","https://www.youtube.com/watch?v=RV0QeTyHZxo&list=PLgUwDviBIf0pcIDCZnxhv0LkHf5KzG9zp&index=4"
463,"Bit PreRequisites for TRIE Problems","Tries",Easy,"","https://youtu.be/5iyuU4hQFrw"
464,"Maximum XOR of two numbers in an array","Tries",Hard,"https://leetcode.com/problems/maximum-xor-of-two-numbers-in-an-array/","https://www.youtube.com/watch?v=EIhAwfHubE8&list=PLgUwDviBIf0pcIDCZnxhv0LkHf5KzG9zp&index=6"
465,"Maximum Xor with an element from an array","Tries",Hard,"https://leetcode.com/problems/maximum-xor-with-an-element-from-array/","https://www.youtube.com/watch?v=Q8LhG9Pi5KM&list=PLgUwDviBIf0pcIDCZnxhv0LkHf5KzG9zp&index=7"
466,"Minimum number of bracket reversals to make an expression balanced","Strings",Hard,"https://leetcode.com/problems/minimum-add-to-make-parentheses-valid/",""
467,"Count and say","Strings",Hard,"https://leetcode.com/problems/count-and-say/",""
468,"Hashing In Strings | Theory","Strings",Easy,"",""
469,"Rabin Karp Algorithm","Strings",Hard,"https://leetcode.com/problems/repeated-string-match/discuss/416144/Rabin-Karp-algorithm-C%2B%2B-implementation",""
470,"Z function","Strings",Hard,"",""
471,"KMP Algorithm or LPS array","Strings",Hard,"https://leetcode.com/problems/implement-strstr/",""
472,"Shortest Palindrome","Strings",Hard,"",""
473,"Longest happy prefix","Strings",Hard,"https://leetcode.com/problems/longest-happy-prefix/",""
474,"Count Palindromic Subsequences","Strings",Medium,"https://leetcode.com/problems/palindromic-substrings/",""