Order,Topic_Order,Topic,Subtopic,Problem_Name,Difficulty,LeetCode_URL,YouTube_URL
1,1,"Learn the basics","Things to Know in C++/Java/Python or any language","Input Output",Easy,"","https://youtu.be/EAR7De6Goz4?t=250"
2,1,"Learn the basics","Things to Know in C++/Java/Python or any language","Cpp Basics",Easy,"","https://youtu.be/EAR7De6Goz4?t=2415"
3,1,"Learn the basics","Things to Know in C++/Java/Python or any language","If ElseIf",Easy,"","https://youtu.be/EAR7De6Goz4?t=1259"
4,1,"Learn the basics","Things to Know in C++/Java/Python or any language","Switch Case",Easy,"","https://youtu.be/EAR7De6Goz4"
5,1,"Learn the basics","Things to Know in C++/Java/Python or any language","What are arrays, strings?",Easy,"","https://youtu.be/EAR7De6Goz4?t=2415"
6,1,"Learn the basics","Things to Know in C++/Java/Python or any language","For loops",Easy,"","https://youtu.be/EAR7De6Goz4?t=3096"
7,1,"Learn the basics","Things to Know in C++/Java/Python or any language","While loops",Easy,"","https://youtu.be/EAR7De6Goz4?t=3459"
8,1,"Learn the basics","Things to Know in C++/Java/Python or any language","Functions (Pass by Reference and Value)",Easy,"","https://youtu.be/EAR7De6Goz4?t=3677"
9,1,"Learn the basics","Things to Know in C++/Java/Python or any language","Theory with examples",Easy,"","https://youtu.be/FPu9Uld7W-E"
10,1,"Learn the basics","Build-up Logical Thinking","Easy and Medium",Easy,"","https://www.youtube.com/watch?v=tNm_NNSB3_w&list=PLgUwDviBIf0oF6QL8m22w1hIDC1vJ_BHz&index=3"
11,1,"Learn the basics","Build-up Logical Thinking","Hard",Easy,"","https://www.youtube.com/watch?v=tNm_NNSB3_w&list=PLgUwDviBIf0oF6QL8m22w1hIDC1vJ_BHz&index=3"
12,1,"Learn the basics","Patterns","Pattern 1",Easy,"","https://www.youtube.com/watch?v=tNm_NNSB3_w&list=PLgUwDviBIf0oF6QL8m22w1hIDC1vJ_BHz&index=3"
13,1,"Learn the basics","Patterns","Pattern 2",Easy,"","https://www.youtube.com/watch?v=tNm_NNSB3_w&list=PLgUwDviBIf0oF6QL8m22w1hIDC1vJ_BHz&index=3"
14,1,"Learn the basics","Patterns","Pattern 3",Easy,"","https://www.youtube.com/watch?v=tNm_NNSB3_w&list=PLgUwDviBIf0oF6QL8m22w1hIDC1vJ_BHz&index=3"
15,1,"Learn the basics","Patterns","Pattern 4",Easy,"","https://www.youtube.com/watch?v=tNm_NNSB3_w&list=PLgUwDviBIf0oF6QL8m22w1hIDC1vJ_BHz&index=3"
16,1,"Learn the basics","Patterns","Pattern 5",Easy,"","https://www.youtube.com/watch?v=tNm_NNSB3_w&list=PLgUwDviBIf0oF6QL8m22w1hIDC1vJ_BHz&index=3"
17,1,"Learn the basics","Patterns","Pattern 6",Easy,"","https://www.youtube.com/watch?v=tNm_NNSB3_w&list=PLgUwDviBIf0oF6QL8m22w1hIDC1vJ_BHz&index=3"
18,1,"Learn the basics","Patterns","Pattern 7",Easy,"","https://www.youtube.com/watch?v=tNm_NNSB3_w&list=PLgUwDviBIf0oF6QL8m22w1hIDC1vJ_BHz&index=3"
19,1,"Learn the basics","Patterns","Pattern 8",Easy,"","https://www.youtube.com/watch?v=tNm_NNSB3_w&list=PLgUwDviBIf0oF6QL8m22w1hIDC1vJ_BHz&index=3"
20,1,"Learn the basics","Patterns","Pattern 9",Easy,"","https://www.youtube.com/watch?v=tNm_NNSB3_w&list=PLgUwDviBIf0oF6QL8m22w1hIDC1vJ_BHz&index=3"
21,1,"Learn the basics","Patterns","Pattern 10",Easy,"","https://www.youtube.com/watch?v=tNm_NNSB3_w&list=PLgUwDviBIf0oF6QL8m22w1hIDC1vJ_BHz&index=3"
22,1,"Learn the basics","Patterns","Pattern 11",Easy,"","https://www.youtube.com/watch?v=tNm_NNSB3_w&list=PLgUwDviBIf0oF6QL8m22w1hIDC1vJ_BHz&index=3"
23,1,"Learn the basics","Patterns","Pattern 12",Easy,"","https://www.youtube.com/watch?v=tNm_NNSB3_w&list=PLgUwDviBIf0oF6QL8m22w1hIDC1vJ_BHz&index=3"
24,1,"Learn the basics","Patterns","Pattern 13",Easy,"","https://www.youtube.com/watch?v=tNm_NNSB3_w&list=PLgUwDviBIf0oF6QL8m22w1hIDC1vJ_BHz&index=3"
25,1,"Learn the basics","Patterns","Pattern 14",Easy,"","https://www.youtube.com/watch?v=tNm_NNSB3_w&list=PLgUwDviBIf0oF6QL8m22w1hIDC1vJ_BHz&index=3"
26,1,"Learn the basics","Patterns","Pattern 15",Easy,"","https://www.youtube.com/watch?v=tNm_NNSB3_w&list=PLgUwDviBIf0oF6QL8m22w1hIDC1vJ_BHz&index=3"
27,1,"Learn the basics","Patterns","Pattern 16",Easy,"","https://www.youtube.com/watch?v=tNm_NNSB3_w&list=PLgUwDviBIf0oF6QL8m22w1hIDC1vJ_BHz&index=3"
28,1,"Learn the basics","Patterns","Pattern 17",Easy,"","https://www.youtube.com/watch?v=tNm_NNSB3_w&list=PLgUwDviBIf0oF6QL8m22w1hIDC1vJ_BHz&index=3"
29,1,"Learn the basics","Patterns","Pattern 18",Easy,"","https://www.youtube.com/watch?v=tNm_NNSB3_w&list=PLgUwDviBIf0oF6QL8m22w1hIDC1vJ_BHz&index=3"
30,1,"Learn the basics","Patterns","Pattern 19",Easy,"","https://www.youtube.com/watch?v=tNm_NNSB3_w&list=PLgUwDviBIf0oF6QL8m22w1hIDC1vJ_BHz&index=3"
31,1,"Learn the basics","Patterns","Pattern 20",Medium,"","https://www.youtube.com/watch?v=tNm_NNSB3_w&list=PLgUwDviBIf0oF6QL8m22w1hIDC1vJ_BHz&index=3"
32,1,"Learn the basics","Patterns","Pattern 21",Medium,"","https://www.youtube.com/watch?v=tNm_NNSB3_w&list=PLgUwDviBIf0oF6QL8m22w1hIDC1vJ_BHz&index=3"
33,1,"Learn the basics","Patterns","Pattern 22",Medium,"","https://www.youtube.com/watch?v=tNm_NNSB3_w&list=PLgUwDviBIf0oF6QL8m22w1hIDC1vJ_BHz&index=3"
34,1,"Learn the basics","Learn STL/Java-Collections or similar thing in your\ language","STL",Easy,"","https://www.youtube.com/watch?v=RRVYpIET_RU"
35,1,"Learn the basics","Learn STL/Java-Collections or similar thing in your\ language","Java Collections",Easy,"",""
36,1,"Learn the basics","Know Basic Maths","Count all Digits of a Number",Easy,"","https://youtu.be/1xNbjMdbjug"
37,1,"Learn the basics","Know Basic Maths","Reverse a number",Easy,"https://leetcode.com/problems/reverse-integer/","https://youtu.be/1xNbjMdbjug?t=930"
38,1,"Learn the basics","Know Basic Maths","Palindrome Number",Easy,"https://leetcode.com/problems/palindrome-number/","https://youtu.be/1xNbjMdbjug?t=1230"
39,1,"Learn the basics","Know Basic Maths","GCD of Two Numbers",Easy,"","https://youtu.be/1xNbjMdbjug?t=2684"
40,1,"Learn the basics","Know Basic Maths","Check if the Number is Armstrong",Easy,"https://leetcode.com/problems/armstrong-number/","https://youtu.be/1xNbjMdbjug?t=1418"
41,1,"Learn the basics","Know Basic Maths","Print all Divisors",Easy,"","https://youtu.be/1xNbjMdbjug?t=1580"
42,1,"Learn the basics","Know Basic Maths","Check for Prime Number",Easy,"","https://youtu.be/1xNbjMdbjug?t=2381"
43,1,"Learn the basics","Learn Basic Recursion","Understand recursion by print something N times",Easy,"","https://www.youtube.com/watch?v=yVdKa8dnKiE&list=PLgUwDviBIf0rGlzIn_7rsaR2FQ5e6ZOL9"
44,1,"Learn the basics","Learn Basic Recursion","Print name N times using recursion",Easy,"","https://www.youtube.com/watch?v=un6PLygfXrA&list=PLgUwDviBIf0rGlzIn_7rsaR2FQ5e6ZOL9&index=2"
45,1,"Learn the basics","Learn Basic Recursion","Print 1 to N using Recursion",Easy,"","https://www.youtube.com/watch?v=un6PLygfXrA&list=PLgUwDviBIf0rGlzIn_7rsaR2FQ5e6ZOL9&index=2"
46,1,"Learn the basics","Learn Basic Recursion","Print N to 1 using Recursion",Easy,"","https://www.youtube.com/watch?v=un6PLygfXrA&list=PLgUwDviBIf0rGlzIn_7rsaR2FQ5e6ZOL9&index=2"
47,1,"Learn the basics","Learn Basic Recursion","Sum of First N Numbers",Easy,"","https://www.youtube.com/watch?v=69ZCDFy-OUo&list=PLgUwDviBIf0rGlzIn_7rsaR2FQ5e6ZOL9&index=3"
48,1,"Learn the basics","Learn Basic Recursion","Factorial of a given number",Easy,"","https://www.youtube.com/watch?v=69ZCDFy-OUo&list=PLgUwDviBIf0rGlzIn_7rsaR2FQ5e6ZOL9&index=3"
49,1,"Learn the basics","Learn Basic Recursion","Reverse an array",Easy,"","https://www.youtube.com/watch?v=twuC1F6gLI8&list=PLgUwDviBIf0rGlzIn_7rsaR2FQ5e6ZOL9&index=4"
50,1,"Learn the basics","Learn Basic Recursion","Check if String is Palindrome or Not ",Easy,"https://leetcode.com/problems/valid-palindrome/","https://www.youtube.com/watch?v=twuC1F6gLI8&list=PLgUwDviBIf0rGlzIn_7rsaR2FQ5e6ZOL9&index=4"
51,1,"Learn the basics","Learn Basic Recursion","Fibonacci Number",Easy,"https://leetcode.com/problems/fibonacci-number/","https://www.youtube.com/watch?v=kvRjNm4rVBE&list=PLgUwDviBIf0rGlzIn_7rsaR2FQ5e6ZOL9&index=5"
52,1,"Learn the basics","Learn Basic Hashing","Basic Hashing",Easy,"","https://www.youtube.com/watch?v=KEs5UyBJ39g"
53,1,"Learn the basics","Learn Basic Hashing","Counting Frequencies of Array Elements",Easy,"",""
54,1,"Learn the basics","Learn Basic Hashing","Highest Occurring Element in an Array",Easy,"https://leetcode.com/problems/frequency-of-the-most-frequent-element/",""
55,2,"Learn Important Sorting Techniques","Sorting-I","Selection Sort",Easy,"","https://youtu.be/HGk_ypEuS24?t=167"
56,2,"Learn Important Sorting Techniques","Sorting-I","Bubble Sort",Easy,"","https://youtu.be/HGk_ypEuS24?t=1061"
57,2,"Learn Important Sorting Techniques","Sorting-I","Insertion Sorting",Easy,"","https://youtu.be/HGk_ypEuS24?t=1900"
58,2,"Learn Important Sorting Techniques","Sorting-II","Merge Sorting",Medium,"","https://youtu.be/ogjf7ORKfd8"
59,2,"Learn Important Sorting Techniques","Sorting-II","Recursive Bubble Sort",Easy,"",""
60,2,"Learn Important Sorting Techniques","Sorting-II","Recursive Insertion Sort",Easy,"",""
61,2,"Learn Important Sorting Techniques","Sorting-II","Quick Sorting",Easy,"","https://youtu.be/WIrA4YexLRQ"
62,3,"Solve Problems on Arrays [Easy -> Medium -> Hard]","Easy","Largest Element ",Easy,"","https://youtu.be/37E9ckMDdTk?t=526"
63,3,"Solve Problems on Arrays [Easy -> Medium -> Hard]","Easy","Second Largest Element",Easy,"","https://youtu.be/37E9ckMDdTk?t=810"
64,3,"Solve Problems on Arrays [Easy -> Medium -> Hard]","Easy","Check if the Array is Sorted II",Easy,"https://leetcode.com/problems/check-if-array-is-sorted-and-rotated/#:~:text=Input%3A%20nums%20%3D%20%5B2%2C,no%20rotation)%20to%20make%20nums.","https://youtu.be/37E9ckMDdTk?t=17224"
65,3,"Solve Problems on Arrays [Easy -> Medium -> Hard]","Easy","Remove duplicates from Sorted array",Easy,"https://leetcode.com/problems/remove-duplicates-from-sorted-array/#:~:text=Input%3A%20nums%20%3D%20%5B0%2C,%2C%203%2C%20and%204%20respectively.","https://youtu.be/37E9ckMDdTk?t=1887"
66,3,"Solve Problems on Arrays [Easy -> Medium -> Hard]","Easy","Left Rotate Array by One",Easy,"https://leetcode.com/problems/rotate-array/","https://youtu.be/wvcQg43_V8U?t=61"
67,3,"Solve Problems on Arrays [Easy -> Medium -> Hard]","Easy","Left Rotate Array by K Places",Easy,"https://leetcode.com/problems/rotate-array/","https://youtu.be/wvcQg43_V8U?t=485"
68,3,"Solve Problems on Arrays [Easy -> Medium -> Hard]","Easy","Move Zeros to End",Easy,"https://leetcode.com/problems/move-zeroes/","https://youtu.be/wvcQg43_V8U?t=1633"
69,3,"Solve Problems on Arrays [Easy -> Medium -> Hard]","Easy","Linear Search",Easy,"","https://youtu.be/wvcQg43_V8U?t=2465"
70,3,"Solve Problems on Arrays [Easy -> Medium -> Hard]","Easy","Union of two sorted arrays",Easy,"","https://youtu.be/wvcQg43_V8U?t=2584"
71,3,"Solve Problems on Arrays [Easy -> Medium -> Hard]","Easy","Find missing number",Easy,"",""
72,3,"Solve Problems on Arrays [Easy -> Medium -> Hard]","Easy","Maximum Consecutive Ones",Easy,"https://leetcode.com/problems/max-consecutive-ones/","https://youtu.be/bYWLJb3vCWY?t=1124"
73,3,"Solve Problems on Arrays [Easy -> Medium -> Hard]","Easy","Find the number that appears once, and other numbers twice.",Medium,"https://leetcode.com/problems/single-number/","https://youtu.be/bYWLJb3vCWY?t=1369"
74,3,"Solve Problems on Arrays [Easy -> Medium -> Hard]","Easy","Longest subarray with given sum K(positives)",Medium,"","https://www.youtube.com/watch?v=frf7qxiN2qU&feature=youtu.be"
75,3,"Solve Problems on Arrays [Easy -> Medium -> Hard]","Easy","Longest subarray with sum K",Medium,"","https://youtu.be/frf7qxiN2qU"
76,3,"Solve Problems on Arrays [Easy -> Medium -> Hard]","Medium","Two Sum",Easy,"https://leetcode.com/problems/two-sum/","https://youtu.be/UXDSeD9mN-k"
77,3,"Solve Problems on Arrays [Easy -> Medium -> Hard]","Medium","Sort an array of 0's 1's and 2's",Medium,"https://leetcode.com/problems/sort-colors/","https://youtu.be/tp8JIuCXBaU"
78,3,"Solve Problems on Arrays [Easy -> Medium -> Hard]","Medium","Majority Element-I",Easy,"https://leetcode.com/problems/majority-element/","https://youtu.be/nP_ns3uSh80"
79,3,"Solve Problems on Arrays [Easy -> Medium -> Hard]","Medium","Kadane's Algorithm",Medium,"https://leetcode.com/problems/maximum-subarray/","https://youtu.be/AHZpyENo7k4?si=QJpof4R1hHokm1hw"
80,3,"Solve Problems on Arrays [Easy -> Medium -> Hard]","Medium","Print subarray with maximum subarray sum (extended version of above problem)",Medium,"","https://youtu.be/AHZpyENo7k4"
81,3,"Solve Problems on Arrays [Easy -> Medium -> Hard]","Medium","Stock Buy and Sell",Medium,"https://leetcode.com/problems/best-time-to-buy-and-sell-stock/","https://youtu.be/excAOvwF_Wk"
82,3,"Solve Problems on Arrays [Easy -> Medium -> Hard]","Medium","Rearrange array elements by sign",Medium,"https://leetcode.com/problems/rearrange-array-elements-by-sign/","https://youtu.be/h4aBagy4Uok"
83,3,"Solve Problems on Arrays [Easy -> Medium -> Hard]","Medium","Next Permutation",Medium,"https://leetcode.com/problems/next-permutation/","https://youtu.be/JDOXKqF60RQ"
84,3,"Solve Problems on Arrays [Easy -> Medium -> Hard]","Medium","Leaders in an Array",Medium,"","https://youtu.be/cHrH9CQ8pmY"
85,3,"Solve Problems on Arrays [Easy -> Medium -> Hard]","Medium","Longest Consecutive Sequence in an Array",Medium,"https://leetcode.com/problems/longest-consecutive-sequence/solution/","https://youtu.be/oO5uLE7EUlM"
86,3,"Solve Problems on Arrays [Easy -> Medium -> Hard]","Medium","Set Matrix Zeroes",Medium,"https://leetcode.com/problems/set-matrix-zeroes/","https://youtu.be/N0MgLvceX7M"
87,3,"Solve Problems on Arrays [Easy -> Medium -> Hard]","Medium","Rotate matrix by 90 degrees",Medium,"https://leetcode.com/problems/rotate-image/","https://youtu.be/Z0R2u6gd3GU"
88,3,"Solve Problems on Arrays [Easy -> Medium -> Hard]","Medium","Print the matrix in spiral manner",Medium,"https://leetcode.com/problems/spiral-matrix/","https://youtu.be/3Zv-s9UUrFM"
89,3,"Solve Problems on Arrays [Easy -> Medium -> Hard]","Medium","Count subarrays with given sum",Medium,"https://leetcode.com/problems/subarray-sum-equals-k/","https://www.youtube.com/watch?v=xvNwoz-ufXA&list=PLgUwDviBIf0oF6QL8m22w1hIDC1vJ_BHz&index=32"
90,3,"Solve Problems on Arrays [Easy -> Medium -> Hard]","Hard","Pascal's Triangle I",Easy,"https://leetcode.com/problems/pascals-triangle/","https://youtu.be/bR7mQgwQ_o8"
91,3,"Solve Problems on Arrays [Easy -> Medium -> Hard]","Hard","Majority Element-II",Hard,"https://leetcode.com/problems/majority-element-ii/","https://youtu.be/vwZj1K0e9U8"
92,3,"Solve Problems on Arrays [Easy -> Medium -> Hard]","Hard","3 Sum",Medium,"https://leetcode.com/problems/3sum/","https://youtu.be/DhFh8Kw7ymk"
93,3,"Solve Problems on Arrays [Easy -> Medium -> Hard]","Hard","4 Sum",Medium,"https://leetcode.com/problems/4sum/","https://youtu.be/eD95WRfh81c"
94,3,"Solve Problems on Arrays [Easy -> Medium -> Hard]","Hard","Largest Subarray with Sum 0",Medium,"","https://www.youtube.com/watch?v=xmguZ6GbatA&list=PLgUwDviBIf0p4ozDR_kJJkONnb1wdx2Ma&index=23"
95,3,"Solve Problems on Arrays [Easy -> Medium -> Hard]","Hard","Count subarrays with given xor K",Hard,"","https://youtu.be/eZr-6p0B7ME"
96,3,"Solve Problems on Arrays [Easy -> Medium -> Hard]","Hard","Merge Overlapping Subintervals",Medium,"https://leetcode.com/problems/merge-intervals/","https://youtu.be/IexN60k62jo"
97,3,"Solve Problems on Arrays [Easy -> Medium -> Hard]","Hard","Merge two sorted arrays without extra space",Medium,"https://leetcode.com/problems/merge-sorted-array/","https://youtu.be/n7uwj04E0I4"
98,3,"Solve Problems on Arrays [Easy -> Medium -> Hard]","Hard","Find the repeating and missing number",Hard,"","https://youtu.be/2D0D8HE6uak"
99,3,"Solve Problems on Arrays [Easy -> Medium -> Hard]","Hard","Count Inversions",Hard,"","https://youtu.be/AseUmwVNaoY"
100,3,"Solve Problems on Arrays [Easy -> Medium -> Hard]","Hard","Reverse Pairs",Hard,"https://leetcode.com/problems/reverse-pairs/","https://youtu.be/0e4bZaP3MDI"
101,3,"Solve Problems on Arrays [Easy -> Medium -> Hard]","Hard","Maximum Product Subarray in an Array",Hard,"https://leetcode.com/problems/maximum-product-subarray/",""
102,4,"Binary Search [1D, 2D Arrays, Search Space]","BS on 1D Arrays","Search X in sorted array",Easy,"https://leetcode.com/problems/binary-search/","https://youtu.be/MHf6awe89xw"
103,4,"Binary Search [1D, 2D Arrays, Search Space]","BS on 1D Arrays","Lower Bound ",Easy,"","https://youtu.be/6zhGS79oQ4k"
104,4,"Binary Search [1D, 2D Arrays, Search Space]","BS on 1D Arrays","Upper Bound",Easy,"","https://youtu.be/6zhGS79oQ4k"
105,4,"Binary Search [1D, 2D Arrays, Search Space]","BS on 1D Arrays","Search insert position",Easy,"https://leetcode.com/problems/search-insert-position/#:~:text=Search%20Insert%20Position%20%2D%20LeetCode&text=Given%20a%20sorted%20array%20of,(log%20n)%20runtime%20complexity.","https://youtu.be/6zhGS79oQ4k"
106,4,"Binary Search [1D, 2D Arrays, Search Space]","BS on 1D Arrays","Floor and Ceil in Sorted Array",Easy,"","https://www.youtube.com/watch?v=6zhGS79oQ4k&list=PLgUwDviBIf0pMFMWuuvDNMAkoQFi-h0ZF&index=3"
107,4,"Binary Search [1D, 2D Arrays, Search Space]","BS on 1D Arrays","First and last occurrence",Easy,"https://leetcode.com/problems/find-first-and-last-position-of-element-in-sorted-array/","https://youtu.be/hjR1IYVx9lY"
108,4,"Binary Search [1D, 2D Arrays, Search Space]","BS on 1D Arrays","Count Occurrences in a Sorted Array",Easy,"","https://youtu.be/hjR1IYVx9lY"
109,4,"Binary Search [1D, 2D Arrays, Search Space]","BS on 1D Arrays","Search in rotated sorted array-I",Medium,"https://leetcode.com/problems/search-in-rotated-sorted-array/","https://www.youtube.com/watch?v=r3pMQ8-Ad5s&list=PLgUwDviBIf0p4ozDR_kJJkONnb1wdx2Ma&index=64"
110,4,"Binary Search [1D, 2D Arrays, Search Space]","BS on 1D Arrays","Search in rotated sorted array-II",Medium,"https://leetcode.com/problems/search-in-rotated-sorted-array-ii/","https://youtu.be/w2G2W8l__pc"
111,4,"Binary Search [1D, 2D Arrays, Search Space]","BS on 1D Arrays","Find minimum in Rotated Sorted Array",Easy,"https://leetcode.com/problems/find-minimum-in-rotated-sorted-array/","https://youtu.be/nhEMDKMB44g"
112,4,"Binary Search [1D, 2D Arrays, Search Space]","BS on 1D Arrays","Find out how many times the array is rotated",Easy,"","https://youtu.be/jtSiWTPLwd0"
113,4,"Binary Search [1D, 2D Arrays, Search Space]","BS on 1D Arrays","Single element in a Sorted Array",Medium,"https://leetcode.com/problems/single-element-in-a-sorted-array/","https://youtu.be/AZOmHuHadxQ"
114,4,"Binary Search [1D, 2D Arrays, Search Space]","BS on 1D Arrays","Find peak element",Medium,"https://leetcode.com/problems/find-peak-element/#:~:text=Find%20Peak%20Element%20%2D%20LeetCode&text=A%20peak%20element%20is%20an,to%20any%20of%20the%20peaks.","https://youtu.be/cXxmbemS6XM"
115,4,"Binary Search [1D, 2D Arrays, Search Space]","BS on Answers","Find square root of a number",Medium,"","https://youtu.be/Bsv3FPUX_BA"
116,4,"Binary Search [1D, 2D Arrays, Search Space]","BS on Answers","Find Nth root of a number",Medium,"","https://www.youtube.com/watch?v=WjpswYrS2nY&list=PLgUwDviBIf0p4ozDR_kJJkONnb1wdx2Ma&index=62"
117,4,"Binary Search [1D, 2D Arrays, Search Space]","BS on Answers","Koko eating bananas",Medium,"https://leetcode.com/problems/koko-eating-bananas/","https://youtu.be/qyfekrNni90"
118,4,"Binary Search [1D, 2D Arrays, Search Space]","BS on Answers","Minimum days to make M bouquets",Medium,"https://leetcode.com/problems/minimum-number-of-days-to-make-m-bouquets/","https://youtu.be/TXAuxeYBTdg"
119,4,"Binary Search [1D, 2D Arrays, Search Space]","BS on Answers","Find the smallest divisor",Medium,"https://leetcode.com/problems/find-the-smallest-divisor-given-a-threshold/","https://youtu.be/UvBKTVaG6U8"
120,4,"Binary Search [1D, 2D Arrays, Search Space]","BS on Answers","Capacity to Ship Packages Within D Days",Medium,"https://leetcode.com/problems/capacity-to-ship-packages-within-d-days/","https://youtu.be/MG-Ac4TAvTY"
121,4,"Binary Search [1D, 2D Arrays, Search Space]","BS on Answers","Kth Missing Positive Number",Medium,"https://leetcode.com/problems/kth-missing-positive-number/#:~:text=Given%20an%20array%20arr%20of,13%2C...%5D.","https://youtu.be/uZ0N_hZpyps"
122,4,"Binary Search [1D, 2D Arrays, Search Space]","BS on Answers","Aggressive Cows",Hard,"","https://youtu.be/R_Mfw4ew-Vo"
123,4,"Binary Search [1D, 2D Arrays, Search Space]","BS on Answers","Book Allocation Problem",Hard,"","https://www.youtube.com/watch?v=gYmWHvRHu-s&list=PLgUwDviBIf0p4ozDR_kJJkONnb1wdx2Ma&index=69"
124,4,"Binary Search [1D, 2D Arrays, Search Space]","BS on Answers","Split array - largest sum",Hard,"https://leetcode.com/problems/split-array-largest-sum/","https://www.youtube.com/watch?v=thUd_WJn6wk&list=PLgUwDviBIf0pMFMWuuvDNMAkoQFi-h0ZF&index=20"
125,4,"Binary Search [1D, 2D Arrays, Search Space]","BS on Answers","Painter's Partition",Medium,"","https://www.youtube.com/watch?v=thUd_WJn6wk&list=PLgUwDviBIf0pMFMWuuvDNMAkoQFi-h0ZF&index=20"
126,4,"Binary Search [1D, 2D Arrays, Search Space]","BS on Answers","Minimize Max Distance to Gas Station",Hard,"https://leetcode.com/problems/minimize-max-distance-to-gas-station/","https://www.youtube.com/watch?v=kMSBvlZ-_HA&list=PLgUwDviBIf0pMFMWuuvDNMAkoQFi-h0ZF&index=21"
127,4,"Binary Search [1D, 2D Arrays, Search Space]","BS on Answers","Median of 2 sorted arrays",Hard,"https://leetcode.com/problems/median-of-two-sorted-arrays/","https://www.youtube.com/watch?v=NTop3VTjmxk&list=PLgUwDviBIf0p4ozDR_kJJkONnb1wdx2Ma&index=65"
128,4,"Binary Search [1D, 2D Arrays, Search Space]","BS on Answers","Kth element of 2 sorted arrays",Medium,"","https://youtu.be/D1oDwWCq50g"
129,4,"Binary Search [1D, 2D Arrays, Search Space]","BS on 2D Arrays","Find row with maximum 1's",Easy,"","https://youtu.be/SCz-1TtYxDI"
130,4,"Binary Search [1D, 2D Arrays, Search Space]","BS on 2D Arrays","Search in a 2D matrix",Hard,"https://leetcode.com/problems/search-a-2d-matrix/","https://youtu.be/ZYpYur0znng"
131,4,"Binary Search [1D, 2D Arrays, Search Space]","BS on 2D Arrays","Search in 2D matrix - II",Hard,"https://leetcode.com/problems/search-a-2d-matrix-ii/","https://youtu.be/9ZbB397jU4k"
132,4,"Binary Search [1D, 2D Arrays, Search Space]","BS on 2D Arrays","Find Peak Element - II",Medium,"https://leetcode.com/problems/find-a-peak-element-ii/","https://youtu.be/nGGp5XBzC4g?si=WCop5C6Azj5gAELH"
133,4,"Binary Search [1D, 2D Arrays, Search Space]","BS on 2D Arrays","Matrix Median",Hard,"","https://youtu.be/Q9wXgdxJq48?si=ScI_0uzJh7yg8nrX"
134,5,"Strings [Basic and Medium]","Basic and Easy String Problems","Remove Outermost Parentheses",Medium,"https://leetcode.com/problems/remove-outermost-parentheses/",""
135,5,"Strings [Basic and Medium]","Basic and Easy String Problems","Reverse words in a given string / Palindrome Check",Medium,"https://leetcode.com/problems/reverse-words-in-a-string/",""
136,5,"Strings [Basic and Medium]","Basic and Easy String Problems","Largest Odd Number in a String",Easy,"https://leetcode.com/problems/largest-odd-number-in-string/",""
137,5,"Strings [Basic and Medium]","Basic and Easy String Problems","Longest Common Prefix",Easy,"https://leetcode.com/problems/longest-common-prefix/",""
138,5,"Strings [Basic and Medium]","Basic and Easy String Problems","Isomorphic String",Easy,"https://leetcode.com/problems/isomorphic-strings/",""
139,5,"Strings [Basic and Medium]","Basic and Easy String Problems","Rotate String",Easy,"https://leetcode.com/problems/rotate-string/",""
140,5,"Strings [Basic and Medium]","Basic and Easy String Problems","Check if two strings are anagram of each other",Easy,"https://leetcode.com/problems/valid-anagram/#:~:text=Given%20two%20strings%20s%20and,the%20original%20letters%20exactly%20once.&text=Constraints%3A,.length%20%3C%3D%205%20*%2010",""
141,5,"Strings [Basic and Medium]","Medium String Problems","Sort Characters by Frequency",Easy,"https://leetcode.com/problems/sort-characters-by-frequency/",""
142,5,"Strings [Basic and Medium]","Medium String Problems","Maximum Nesting Depth of the Parentheses",Medium,"https://leetcode.com/problems/maximum-nesting-depth-of-the-parentheses/",""
143,5,"Strings [Basic and Medium]","Medium String Problems","Roman to Integer",Medium,"https://leetcode.com/problems/roman-to-integer/",""
144,5,"Strings [Basic and Medium]","Medium String Problems","String to Integer (atoi)",Medium,"https://leetcode.com/problems/string-to-integer-atoi/",""
145,5,"Strings [Basic and Medium]","Medium String Problems","Count Number of Substrings",Easy,"",""
146,5,"Strings [Basic and Medium]","Medium String Problems","Longest Palindromic Substring",Medium,"https://leetcode.com/problems/longest-palindromic-substring/",""
147,5,"Strings [Basic and Medium]","Medium String Problems","Sum of Beauty of All Substrings",Medium,"https://leetcode.com/problems/sum-of-beauty-of-all-substrings/",""
148,5,"Strings [Basic and Medium]","Medium String Problems","Reverse every word in a string",Medium,"https://leetcode.com/problems/reverse-words-in-a-string/",""
149,6,"Learn LinkedList [Single LL, Double LL, Medium, Hard Problems]","Learn 1D LinkedList","Introduction to Singly LinkedList",Easy,"","https://youtu.be/Nq7ok-OyEpg?si=9PR1o8OPRWil7fRA"
150,6,"Learn LinkedList [Single LL, Double LL, Medium, Hard Problems]","Learn 1D LinkedList","Insertion at the head of Linked List",Easy,"","https://youtu.be/VaECK03Dz-g?si=vHSwdf9jhE05adKM&t=1934"
151,6,"Learn LinkedList [Single LL, Double LL, Medium, Hard Problems]","Learn 1D LinkedList","Deletion of the head of LL",Easy,"https://leetcode.com/problems/delete-node-in-a-linked-list/","https://youtu.be/VaECK03Dz-g?si=CRaBHbOo2bHFbOT5"
152,6,"Learn LinkedList [Single LL, Double LL, Medium, Hard Problems]","Learn 1D LinkedList","Find the length of the Linked List",Easy,"","https://youtu.be/Nq7ok-OyEpg?si=xqQbukLfo2oZ6C6s&t=2240"
153,6,"Learn LinkedList [Single LL, Double LL, Medium, Hard Problems]","Learn 1D LinkedList","Search in Linked List",Medium,"","https://youtu.be/Nq7ok-OyEpg?si=WNXcIaXZ_B6cNq0s&t=2524"
154,6,"Learn LinkedList [Single LL, Double LL, Medium, Hard Problems]","Learn Doubly LinkedList","Introduction to Doubly LL",Easy,"","https://youtu.be/0eKMU10uEDI?si=uDnoj_C5ghEpNLvP"
155,6,"Learn LinkedList [Single LL, Double LL, Medium, Hard Problems]","Learn Doubly LinkedList","Insert node before head in Doubly Linked List",Easy,"","https://youtu.be/0eKMU10uEDI?si=J5a0pQTosimcO_aA&t=2684"
156,6,"Learn LinkedList [Single LL, Double LL, Medium, Hard Problems]","Learn Doubly LinkedList","Delete head of Doubly Linked List",Easy,"","https://youtu.be/0eKMU10uEDI?si=sE7jqrW46lfRHVLd&t=853"
157,6,"Learn LinkedList [Single LL, Double LL, Medium, Hard Problems]","Learn Doubly LinkedList","Reverse a Doubly Linked List",Medium,"","https://youtu.be/u3WUW2qe6ww?si=96Wwlju72IvmzkxE"
158,6,"Learn LinkedList [Single LL, Double LL, Medium, Hard Problems]","Medium Problems of LL","Middle of a LinkedList [TortoiseHare Method]",Easy,"https://leetcode.com/problems/middle-of-the-linked-list/","https://youtu.be/7LjQ57RqgEc?si=ir_rRDio38rhamU_"
159,6,"Learn LinkedList [Single LL, Double LL, Medium, Hard Problems]","Medium Problems of LL","Reverse a LinkedList [Iterative]",Medium,"https://leetcode.com/problems/reverse-linked-list/","https://youtu.be/D2vI2DNJGd8?si=RCaLSx01qR21IBdh"
160,6,"Learn LinkedList [Single LL, Double LL, Medium, Hard Problems]","Medium Problems of LL","Reverse a LL",Medium,"https://leetcode.com/problems/reverse-linked-list/","https://youtu.be/D2vI2DNJGd8?si=RCaLSx01qR21IBdh"
161,6,"Learn LinkedList [Single LL, Double LL, Medium, Hard Problems]","Medium Problems of LL","Detect a loop in LL",Medium,"https://leetcode.com/problems/linked-list-cycle/","https://youtu.be/wiOo4DC5GGA?si=zagt6O6tFXc4_3cx"
162,6,"Learn LinkedList [Single LL, Double LL, Medium, Hard Problems]","Medium Problems of LL","Find the starting point in LL",Medium,"https://leetcode.com/problems/linked-list-cycle-ii/","https://youtu.be/2Kd0KKmmHFc?si=7UreDPRjRvapeVB0"
163,6,"Learn LinkedList [Single LL, Double LL, Medium, Hard Problems]","Medium Problems of LL","Length of loop in LL",Medium,"","https://youtu.be/I4g1qbkTPus?si=ONktpqewvx57T8pF"
164,6,"Learn LinkedList [Single LL, Double LL, Medium, Hard Problems]","Medium Problems of LL","Check if LL is palindrome or not",Medium,"https://leetcode.com/problems/palindrome-linked-list/","https://youtu.be/lRY_G-u_8jk?si=BpM8hRYvXSYyjl-G"
165,6,"Learn LinkedList [Single LL, Double LL, Medium, Hard Problems]","Medium Problems of LL","Segregate odd and even nodes in Linked List",Medium,"https://leetcode.com/problems/odd-even-linked-list/","https://youtu.be/qf6qp7GzD5Q?si=JozAyXUdT8EJMSCQ"
166,6,"Learn LinkedList [Single LL, Double LL, Medium, Hard Problems]","Medium Problems of LL","Remove Nth node from the back of the LL",Medium,"https://leetcode.com/problems/remove-nth-node-from-end-of-list/","https://youtu.be/3kMKYQ2wNIU?si=DtFDnPU7z9HMz_GM"
167,6,"Learn LinkedList [Single LL, Double LL, Medium, Hard Problems]","Medium Problems of LL","Delete the middle node in LL",Medium,"https://leetcode.com/problems/delete-the-middle-node-of-a-linked-list/#:~:text=You%20are%20given%20the%20head,than%20or%20equal%20to%20x%20.","https://youtu.be/ePpV-_pfOeI?si=Au9GsZkVO57j6SiN"
168,6,"Learn LinkedList [Single LL, Double LL, Medium, Hard Problems]","Medium Problems of LL","Sort LL",Hard,"https://leetcode.com/problems/sort-list/","https://youtu.be/8ocB7a_c-Cc?si=Gv-Y8q8-WyARoV35"
169,6,"Learn LinkedList [Single LL, Double LL, Medium, Hard Problems]","Medium Problems of LL","Sort a Linked List of 0's 1's and 2's",Medium,"","https://youtu.be/gRII7LhdJWc?si=l3qRC7w3NhY7OAqw"
170,6,"Learn LinkedList [Single LL, Double LL, Medium, Hard Problems]","Medium Problems of LL","Find the intersection point of Y LL",Medium,"https://leetcode.com/problems/intersection-of-two-linked-lists/","https://youtu.be/0DYoPz2Tpt4?si=L-uJs5yXUxj4VJM2"
171,6,"Learn LinkedList [Single LL, Double LL, Medium, Hard Problems]","Medium Problems of LL","Add one to a number represented by LL",Medium,"","https://youtu.be/aXQWhbvT3w0?si=uRgU9S4r5cVmnUy7"
172,6,"Learn LinkedList [Single LL, Double LL, Medium, Hard Problems]","Medium Problems of LL","Add two numbers in Linked List",Medium,"https://leetcode.com/problems/add-two-numbers/","https://www.youtube.com/watch?v=LBVsXSMOIk4&list=PLgUwDviBIf0p4ozDR_kJJkONnb1wdx2Ma&index=32"
173,6,"Learn LinkedList [Single LL, Double LL, Medium, Hard Problems]","Medium Problems of DLL","Delete all occurrences of a key in DLL",Hard,"","https://youtu.be/Mh0NH_SD92k?si=tCYshBRi1upMqSVz"
174,6,"Learn LinkedList [Single LL, Double LL, Medium, Hard Problems]","Medium Problems of DLL","Find Pairs with Given Sum in Doubly Linked List",Medium,"","https://youtu.be/YitR4dQsddE?si=iZAC259hdngV_OxC"
175,6,"Learn LinkedList [Single LL, Double LL, Medium, Hard Problems]","Medium Problems of DLL","Remove duplicates from sorted DLL",Hard,"","https://youtu.be/YJKVTnOJXSY?si=AsZoNUoewetsBjr0"
176,6,"Learn LinkedList [Single LL, Double LL, Medium, Hard Problems]","Hard Problems of LL","Reverse LL in group of given size K",Hard,"https://leetcode.com/problems/reverse-nodes-in-k-group/","https://youtu.be/lIar1skcQYI?si=_jFghHKX4eaK36a1"
177,6,"Learn LinkedList [Single LL, Double LL, Medium, Hard Problems]","Hard Problems of LL","Rotate a LL",Hard,"https://leetcode.com/problems/rotate-list/description/","https://youtu.be/uT7YI7XbTY8?si=ZaChW3a68c_v54Is"
178,6,"Learn LinkedList [Single LL, Double LL, Medium, Hard Problems]","Hard Problems of LL","Flattening of LL",Hard,"","https://youtu.be/ykelywHJWLg?si=InMg9MmTHzY22NSR"
179,6,"Learn LinkedList [Single LL, Double LL, Medium, Hard Problems]","Hard Problems of LL","Clone a LL with random and next pointer",Hard,"https://leetcode.com/problems/copy-list-with-random-pointer/","https://youtu.be/q570bKdrnlw?si=epZtpWvtNwuTf23o"
180,7,"Recursion [PatternWise]","Get a Strong Hold","Recursive Implementation of atoi()",Medium,"https://leetcode.com/problems/string-to-integer-atoi/",""
181,7,"Recursion [PatternWise]","Get a Strong Hold","Pow(x, n)",Easy,"https://leetcode.com/problems/powx-n/","https://youtu.be/l0YC3876qxg"
182,7,"Recursion [PatternWise]","Get a Strong Hold","Count Good Numbers",Medium,"https://leetcode.com/problems/count-good-numbers/",""
183,7,"Recursion [PatternWise]","Get a Strong Hold","Sort a stack using recursion",Medium,"",""
184,7,"Recursion [PatternWise]","Get a Strong Hold","Reverse a Stack",Medium,"",""
185,7,"Recursion [PatternWise]","Subsequences Pattern","Generate Binary Strings Without Consecutive 1s",Medium,"",""
186,7,"Recursion [PatternWise]","Subsequences Pattern","Generate Parentheses",Medium,"https://leetcode.com/problems/generate-parentheses/",""
187,7,"Recursion [PatternWise]","Subsequences Pattern","Power Set",Medium,"","https://www.youtube.com/watch?v=b7AYbpM5YrE&list=PLgUwDviBIf0p4ozDR_kJJkONnb1wdx2Ma&index=67"
188,7,"Recursion [PatternWise]","Subsequences Pattern","Learn All Patterns of Subsequences (Theory)",Easy,"","https://www.youtube.com/watch?v=eQCS_v3bw0Q&list=PLgUwDviBIf0rGlzIn_7rsaR2FQ5e6ZOL9&index=7"
189,7,"Recursion [PatternWise]","Subsequences Pattern","Count all subsequences with sum K",Easy,"",""
190,7,"Recursion [PatternWise]","Subsequences Pattern","Check if there exists a subsequence with sum K",Easy,"",""
191,7,"Recursion [PatternWise]","Subsequences Pattern","Combination Sum",Medium,"https://leetcode.com/problems/combination-sum/","https://www.youtube.com/watch?v=OyZFFqQtu98&list=PLgUwDviBIf0p4ozDR_kJJkONnb1wdx2Ma&index=49"
192,7,"Recursion [PatternWise]","Subsequences Pattern","Combination Sum II",Medium,"https://leetcode.com/problems/combination-sum-ii/","https://www.youtube.com/watch?v=G1fRTGRxXU8&list=PLgUwDviBIf0p4ozDR_kJJkONnb1wdx2Ma&index=50"
193,7,"Recursion [PatternWise]","Subsequences Pattern","Subsets I",Medium,"","https://www.youtube.com/watch?v=rYkfBRtMJr8&list=PLgUwDviBIf0p4ozDR_kJJkONnb1wdx2Ma&index=52"
194,7,"Recursion [PatternWise]","Subsequences Pattern","Subsets II",Medium,"https://leetcode.com/problems/subsets-ii/","https://www.youtube.com/watch?v=RIn3gOkbhQE&list=PLgUwDviBIf0p4ozDR_kJJkONnb1wdx2Ma&index=53"
195,7,"Recursion [PatternWise]","Subsequences Pattern","Combination Sum III",Medium,"https://leetcode.com/problems/combination-sum-iii/",""
196,7,"Recursion [PatternWise]","Subsequences Pattern","Letter Combinations of a Phone Number",Hard,"https://leetcode.com/problems/letter-combinations-of-a-phone-number/",""
197,7,"Recursion [PatternWise]","Trying out all Combos / Hard","Palindrome partitioning",Hard,"","https://youtu.be/_H8V5hJUGd0"
198,7,"Recursion [PatternWise]","Trying out all Combos / Hard","Word Search",Hard,"https://leetcode.com/problems/word-search/",""
199,7,"Recursion [PatternWise]","Trying out all Combos / Hard","N Queen",Hard,"https://leetcode.com/problems/n-queens/","https://www.youtube.com/watch?v=i05Ju7AftcM&list=PLgUwDviBIf0p4ozDR_kJJkONnb1wdx2Ma&index=57"
200,7,"Recursion [PatternWise]","Trying out all Combos / Hard","Rat in a Maze",Hard,"","https://www.youtube.com/watch?v=bLGZhJlt4y0&list=PLgUwDviBIf0p4ozDR_kJJkONnb1wdx2Ma&index=60"
201,7,"Recursion [PatternWise]","Trying out all Combos / Hard","Word Break",Medium,"",""
202,7,"Recursion [PatternWise]","Trying out all Combos / Hard","M Coloring Problem",Hard,"","https://www.youtube.com/watch?v=wuVwUK25Rfc&list=PLgUwDviBIf0p4ozDR_kJJkONnb1wdx2Ma&index=59"
203,7,"Recursion [PatternWise]","Trying out all Combos / Hard","Sudoku Solver",Hard,"https://leetcode.com/problems/sudoku-solver/","https://www.youtube.com/watch?v=FWAIf_EVUKE&list=PLgUwDviBIf0p4ozDR_kJJkONnb1wdx2Ma&index=58"
204,7,"Recursion [PatternWise]","Trying out all Combos / Hard","Expression Add Operators",Hard,"https://leetcode.com/problems/expression-add-operators/",""
205,8,"Bit Manipulation [Concepts & Problems]","Learn Bit Manipulation","Introduction to Bits and Tricks",Easy,"","https://youtu.be/qQd-ViW7bfk?si=QtdNaRhHmZb08Mr8"
206,8,"Bit Manipulation [Concepts & Problems]","Learn Bit Manipulation","Check if the i-th bit is Set or Not",Easy,"","https://youtu.be/nttpF8kwgd4?si=x9o8PsYaA2XVZ9rV"
207,8,"Bit Manipulation [Concepts & Problems]","Learn Bit Manipulation","Check if a Number is Odd or Not",Easy,"","https://youtu.be/nttpF8kwgd4?si=x9o8PsYaA2XVZ9rV"
208,8,"Bit Manipulation [Concepts & Problems]","Learn Bit Manipulation","Check if a Number is Power of 2 or Not",Easy,"https://leetcode.com/problems/power-of-two/","https://youtu.be/nttpF8kwgd4?si=x9o8PsYaA2XVZ9rV"
209,8,"Bit Manipulation [Concepts & Problems]","Learn Bit Manipulation","Count the Number of Set Bits",Easy,"","https://youtu.be/nttpF8kwgd4?si=x9o8PsYaA2XVZ9rV"
210,8,"Bit Manipulation [Concepts & Problems]","Learn Bit Manipulation","Set/Unset the rightmost unset bit",Easy,"","https://youtu.be/nttpF8kwgd4?si=x9o8PsYaA2XVZ9rV"
211,8,"Bit Manipulation [Concepts & Problems]","Learn Bit Manipulation","Swap Two Numbers",Easy,"","https://youtu.be/nttpF8kwgd4?si=x9o8PsYaA2XVZ9rV"
212,8,"Bit Manipulation [Concepts & Problems]","Learn Bit Manipulation","Divide two numbers without multiplication and division",Medium,"https://leetcode.com/problems/divide-two-integers/","https://youtu.be/pBD4B1tzgVc?si=G9c5pEE-RrzeU6sz"
213,8,"Bit Manipulation [Concepts & Problems]","Interview Problems","Minimum Bit Flips to Convert Number",Medium,"https://leetcode.com/problems/minimum-bit-flips-to-convert-number/","https://youtu.be/OOdrmcfZXd8?si=rnkRVz1UiVBKWC69"
214,8,"Bit Manipulation [Concepts & Problems]","Interview Problems","Single Number - I",Medium,"https://leetcode.com/problems/single-number/","https://youtu.be/bYWLJb3vCWY?t=1369"
215,8,"Bit Manipulation [Concepts & Problems]","Interview Problems","Power Set Bit Manipulation",Medium,"https://leetcode.com/problems/subsets/","https://youtu.be/LqKaUv1G3_I?si=UXU_T5OsHiokPRvP"
216,8,"Bit Manipulation [Concepts & Problems]","Interview Problems","XOR of numbers in a given range",Medium,"","https://youtu.be/WqGb7159h7Q?si=uGUEbNUUaIN_6Vvr"
217,8,"Bit Manipulation [Concepts & Problems]","Interview Problems","Single Number - III",Medium,"","https://youtu.be/UA5JnV1J2sI?si=VFBRJyb3boZvx_r1"
218,8,"Bit Manipulation [Concepts & Problems]","Advanced Maths","Print Prime Factors of a Number",Hard,"","https://youtu.be/LT7XhVdeRyg?si=6HkjQokJRPTFai21"
219,8,"Bit Manipulation [Concepts & Problems]","Advanced Maths","Divisors of a Number",Easy,"","https://youtu.be/1xNbjMdbjug?t=1580"
220,8,"Bit Manipulation [Concepts & Problems]","Advanced Maths","Count primes in range L to R",Hard,"https://leetcode.com/problems/count-primes/","https://youtu.be/g5Fuxn_AvSk?si=fv6Q-Po7wrMW0a5n"
221,8,"Bit Manipulation [Concepts & Problems]","Advanced Maths","Prime factorisation of a Number",Hard,"","https://youtu.be/LT7XhVdeRyg?si=6HkjQokJRPTFai21"
222,8,"Bit Manipulation [Concepts & Problems]","Advanced Maths","Pow(x,n)",Easy,"https://leetcode.com/problems/powx-n/","https://youtu.be/l0YC3876qxg"
223,9,"Stack and Queues [Learning, Pre-In-Post-fix, Monotonic Stack, Implementation]","Learning","Implement Stack using Arrays",Easy,"","https://youtu.be/tqQ5fTamIN4?si=ofLt8Zt1ZvhikZ6w"
224,9,"Stack and Queues [Learning, Pre-In-Post-fix, Monotonic Stack, Implementation]","Learning","Implement Queue using Arrays",Easy,"","https://youtu.be/tqQ5fTamIN4?si=ofLt8Zt1ZvhikZ6w"
225,9,"Stack and Queues [Learning, Pre-In-Post-fix, Monotonic Stack, Implementation]","Learning","Implement Stack using Queue",Easy,"https://leetcode.com/problems/implement-stack-using-queues/","https://youtu.be/tqQ5fTamIN4?si=ofLt8Zt1ZvhikZ6w"
226,9,"Stack and Queues [Learning, Pre-In-Post-fix, Monotonic Stack, Implementation]","Learning","Implement Queue using Stack",Easy,"https://leetcode.com/problems/implement-queue-using-stacks/","https://youtu.be/tqQ5fTamIN4?si=ofLt8Zt1ZvhikZ6w"
227,9,"Stack and Queues [Learning, Pre-In-Post-fix, Monotonic Stack, Implementation]","Learning","Implement stack using Linkedlist",Easy,"","https://youtu.be/tqQ5fTamIN4?si=ofLt8Zt1ZvhikZ6w"
228,9,"Stack and Queues [Learning, Pre-In-Post-fix, Monotonic Stack, Implementation]","Learning","Implement queue using Linkedlist",Easy,"","https://youtu.be/tqQ5fTamIN4?si=ofLt8Zt1ZvhikZ6w"
229,9,"Stack and Queues [Learning, Pre-In-Post-fix, Monotonic Stack, Implementation]","Learning","Balanced Paranthesis",Easy,"https://leetcode.com/problems/valid-parentheses/","https://youtu.be/xwjS0iZhw4I?si=UoyKpFn4Q3nf5h2R"
230,9,"Stack and Queues [Learning, Pre-In-Post-fix, Monotonic Stack, Implementation]","Learning","Implement Min Stack",Hard,"https://leetcode.com/problems/min-stack/","https://youtu.be/NdDIaH91P0g?si=4_Jbsq5trFvfSdUY"
231,9,"Stack and Queues [Learning, Pre-In-Post-fix, Monotonic Stack, Implementation]","Prefix, Infix, PostFix Conversion Problems","Infix to Postfix Conversion",Medium,"","https://youtu.be/4pIc9UBHJtk?si=ryeVvQWpCgwbTQrh"
232,9,"Stack and Queues [Learning, Pre-In-Post-fix, Monotonic Stack, Implementation]","Prefix, Infix, PostFix Conversion Problems","Prefix to Infix Conversion",Medium,"","https://youtu.be/4pIc9UBHJtk?si=ryeVvQWpCgwbTQrh"
233,9,"Stack and Queues [Learning, Pre-In-Post-fix, Monotonic Stack, Implementation]","Prefix, Infix, PostFix Conversion Problems","Prefix to Postfix Conversion",Medium,"","https://youtu.be/4pIc9UBHJtk?si=0pWtyDC1GhbiYP3P"
234,9,"Stack and Queues [Learning, Pre-In-Post-fix, Monotonic Stack, Implementation]","Prefix, Infix, PostFix Conversion Problems","Postfix to Prefix Conversion",Medium,"","https://youtu.be/4pIc9UBHJtk?si=0pWtyDC1GhbiYP3P"
235,9,"Stack and Queues [Learning, Pre-In-Post-fix, Monotonic Stack, Implementation]","Prefix, Infix, PostFix Conversion Problems","Postfix to Infix Conversion",Easy,"","https://youtu.be/4pIc9UBHJtk?si=0pWtyDC1GhbiYP3P"
236,9,"Stack and Queues [Learning, Pre-In-Post-fix, Monotonic Stack, Implementation]","Prefix, Infix, PostFix Conversion Problems","Infix to Prefix Conversion",Medium,"","https://youtu.be/4pIc9UBHJtk?si=0pWtyDC1GhbiYP3P"
237,9,"Stack and Queues [Learning, Pre-In-Post-fix, Monotonic Stack, Implementation]","Monotonic Stack/Queue Problems [VVV. Imp]","Next Greater Element",Medium,"https://leetcode.com/problems/next-greater-element-i/","https://youtu.be/e7XQLtOQM3I?si=QdcHpTtx6gAHsext"
238,9,"Stack and Queues [Learning, Pre-In-Post-fix, Monotonic Stack, Implementation]","Monotonic Stack/Queue Problems [VVV. Imp]","Next Greater Element - 2",Medium,"https://leetcode.com/problems/next-greater-element-ii/","https://youtu.be/7PrncD7v9YQ?si=UkBc7eVy9HGlBpeW"
239,9,"Stack and Queues [Learning, Pre-In-Post-fix, Monotonic Stack, Implementation]","Monotonic Stack/Queue Problems [VVV. Imp]","Next Smaller Element",Medium,"",""
240,9,"Stack and Queues [Learning, Pre-In-Post-fix, Monotonic Stack, Implementation]","Monotonic Stack/Queue Problems [VVV. Imp]","Number of Greater Elements to the Right",Easy,"",""
241,9,"Stack and Queues [Learning, Pre-In-Post-fix, Monotonic Stack, Implementation]","Monotonic Stack/Queue Problems [VVV. Imp]","Trapping Rainwater",Hard,"https://leetcode.com/problems/trapping-rain-water/","https://youtu.be/1_5VuquLbXg?si=NFG6df318_6OtGvg"
242,9,"Stack and Queues [Learning, Pre-In-Post-fix, Monotonic Stack, Implementation]","Monotonic Stack/Queue Problems [VVV. Imp]","Sum of Subarray Minimums",Medium,"https://leetcode.com/problems/sum-of-subarray-minimums/","https://youtu.be/v0e8p9JCgRc?si=XAU7ekECgS5nboRw"
243,9,"Stack and Queues [Learning, Pre-In-Post-fix, Monotonic Stack, Implementation]","Monotonic Stack/Queue Problems [VVV. Imp]","Asteroid Collision",Medium,"https://leetcode.com/problems/asteroid-collision/","https://youtu.be/_eYGqw_VDR4?si=YyxibcHq800RqgIQ"
244,9,"Stack and Queues [Learning, Pre-In-Post-fix, Monotonic Stack, Implementation]","Monotonic Stack/Queue Problems [VVV. Imp]","Sum of Subarray Ranges",Medium,"https://leetcode.com/problems/sum-of-subarray-ranges/","https://youtu.be/gIrMptNPf5M?si=Q_GHuBvzZVs27X_U"
245,9,"Stack and Queues [Learning, Pre-In-Post-fix, Monotonic Stack, Implementation]","Monotonic Stack/Queue Problems [VVV. Imp]","Remove K Digits",Medium,"https://leetcode.com/problems/remove-k-digits/","https://youtu.be/jmbuRzYPGrg?si=WN387gwQ7aXWkUao"
246,9,"Stack and Queues [Learning, Pre-In-Post-fix, Monotonic Stack, Implementation]","Monotonic Stack/Queue Problems [VVV. Imp]","Largest rectangle in a histogram",Hard,"https://leetcode.com/problems/largest-rectangle-in-histogram/","https://youtu.be/Bzat9vgD0fs?si=DiBlLejXcr6EJoyB"
247,9,"Stack and Queues [Learning, Pre-In-Post-fix, Monotonic Stack, Implementation]","Monotonic Stack/Queue Problems [VVV. Imp]","Maximum Rectangles",Hard,"https://leetcode.com/problems/maximal-rectangle/","https://youtu.be/tOylVCugy9k"
248,9,"Stack and Queues [Learning, Pre-In-Post-fix, Monotonic Stack, Implementation]","Implementation Problems","Sliding Window Maximum",Hard,"https://leetcode.com/problems/sliding-window-maximum/","https://youtu.be/NwBvene4Imo?si=eU1PY-bcQfk5wdog"
249,9,"Stack and Queues [Learning, Pre-In-Post-fix, Monotonic Stack, Implementation]","Implementation Problems","Stock span problem",Hard,"https://leetcode.com/problems/online-stock-span/","https://youtu.be/eay-zoSRkVc?si=deNNe5i38BOAntha"
250,9,"Stack and Queues [Learning, Pre-In-Post-fix, Monotonic Stack, Implementation]","Implementation Problems","Celebrity Problem",Hard,"https://leetcode.com/accounts/login/?next=/problems/find-the-celebrity/","https://youtu.be/cEadsbTeze4?si=olXYfOs7l-SEn2zl"
251,9,"Stack and Queues [Learning, Pre-In-Post-fix, Monotonic Stack, Implementation]","Implementation Problems","LRU Cache",Medium,"",""
252,9,"Stack and Queues [Learning, Pre-In-Post-fix, Monotonic Stack, Implementation]","Implementation Problems","LFU Cache",Hard,"https://leetcode.com/problems/lfu-cache/","https://www.youtube.com/watch?v=0PSB9y8ehbk&list=PLgUwDviBIf0p4ozDR_kJJkONnb1wdx2Ma&index=79"
253,10,"Sliding Window & Two Pointer Combined Problems","Medium Problems","Longest Substring Without Repeating Characters",Medium,"https://leetcode.com/problems/longest-substring-without-repeating-characters/","https://youtu.be/-zSxTJkcdAo?si=I2zfR-vlDMg0zU9z"
254,10,"Sliding Window & Two Pointer Combined Problems","Medium Problems"," Max Consecutive Ones III",Medium,"https://leetcode.com/problems/max-consecutive-ones-iii/","https://youtu.be/3E4JBHSLpYk?si=SoOW64pP6otEKxBw"
255,10,"Sliding Window & Two Pointer Combined Problems","Medium Problems"," Fruit Into Baskets",Medium,"","https://youtu.be/e3bs0uA1NhQ?si=gR8pO62u-nJeFAXk"
256,10,"Sliding Window & Two Pointer Combined Problems","Medium Problems","Longest Repeating Character Replacement",Hard,"https://leetcode.com/problems/longest-repeating-character-replacement/","https://youtu.be/_eNhaDCr6P0?si=pBWcEjozF5poom0p"
257,10,"Sliding Window & Two Pointer Combined Problems","Medium Problems","Binary Subarrays With Sum",Hard,"https://leetcode.com/problems/binary-subarrays-with-sum/","https://youtu.be/XnMdNUkX6VM?si=Nyt8EveeLUg8lmty"
258,10,"Sliding Window & Two Pointer Combined Problems","Medium Problems","Count number of Nice subarrays",Hard,"https://leetcode.com/problems/count-number-of-nice-subarrays/","https://youtu.be/j_QOv9OT9Og?si=Oq5-5hyFkzVSOZpP"
259,10,"Sliding Window & Two Pointer Combined Problems","Medium Problems","Number of Substrings Containing All Three Characters",Hard,"https://leetcode.com/problems/number-of-substrings-containing-all-three-characters/","https://youtu.be/xtqN4qlgr8s?si=kuaLHVOLXhh5Z2tW"
260,10,"Sliding Window & Two Pointer Combined Problems","Medium Problems","Maximum Points You Can Obtain from Cards ",Medium,"https://leetcode.com/problems/maximum-points-you-can-obtain-from-cards/","https://youtu.be/pBWCOCS636U?si=-X64rY67noxvOwrG"
261,10,"Sliding Window & Two Pointer Combined Problems","Hard Problems","Longest Substring With At Most K Distinct Characters",Hard,"https://leetcode.com/problems/longest-substring-with-at-most-k-distinct-characters/","https://youtu.be/teM9ZsVRQyc?si=Kh0_u6aCkkBU3Q33"
262,10,"Sliding Window & Two Pointer Combined Problems","Hard Problems","Subarrays with K Different Integers",Medium,"https://leetcode.com/problems/subarrays-with-k-different-integers/","https://youtu.be/7wYGbV_LsX4?si=KWa48RgLDCvdNqRb"
263,10,"Sliding Window & Two Pointer Combined Problems","Hard Problems","Minimum Window Substring ",Hard,"https://leetcode.com/problems/minimum-window-substring/","https://youtu.be/WJaij9ffOIY?si=-xnsWIH84zWU0ICd"
264,10,"Sliding Window & Two Pointer Combined Problems","Hard Problems","Minimum Window Subsequence",Hard,"https://leetcode.com/problems/minimum-window-subsequence/",""
265,11,"Heaps [Learning, Medium, Hard Problems]","Learning","Heaps (Theory Video)",Easy,"",""
266,11,"Heaps [Learning, Medium, Hard Problems]","Learning","Implement Min Heap",Medium,"",""
267,11,"Heaps [Learning, Medium, Hard Problems]","Learning","Check if an array represents a min heap ",Medium,"",""
268,11,"Heaps [Learning, Medium, Hard Problems]","Learning","Convert Min Heap to Max Heap",Medium,"",""
269,11,"Heaps [Learning, Medium, Hard Problems]","Medium Problems","K-th Largest element in an array",Medium,"",""
270,11,"Heaps [Learning, Medium, Hard Problems]","Medium Problems","Sort K sorted array",Easy,"",""
271,11,"Heaps [Learning, Medium, Hard Problems]","Medium Problems","Merge K sorted Lists",Hard,"https://leetcode.com/problems/merge-k-sorted-lists/",""
272,11,"Heaps [Learning, Medium, Hard Problems]","Medium Problems","Replace Elements by Their Rank",Easy,"",""
273,11,"Heaps [Learning, Medium, Hard Problems]","Medium Problems","Task Scheduler",Medium,"https://leetcode.com/problems/task-scheduler/",""
274,11,"Heaps [Learning, Medium, Hard Problems]","Medium Problems","Hand of Straights",Medium,"https://leetcode.com/problems/hand-of-straights/",""
275,11,"Heaps [Learning, Medium, Hard Problems]","Hard Problems","Design Twitter",Medium,"https://leetcode.com/problems/design-twitter/",""
276,11,"Heaps [Learning, Medium, Hard Problems]","Hard Problems","Minimum Cost to Connect Sticks",Medium,"",""
277,11,"Heaps [Learning, Medium, Hard Problems]","Hard Problems","Kth largest element in a stream of running integers",Hard,"https://leetcode.com/problems/kth-largest-element-in-a-stream/#:~:text=Implement%20KthLargest%20class%3A,largest%20element%20in%20the%20stream.",""
278,11,"Heaps [Learning, Medium, Hard Problems]","Hard Problems","Maximum Sum Combination",Hard,"",""
279,11,"Heaps [Learning, Medium, Hard Problems]","Hard Problems","Find Median from Data Stream",Hard,"https://leetcode.com/problems/find-median-from-data-stream/",""
280,11,"Heaps [Learning, Medium, Hard Problems]","Hard Problems","Top K Frequent Elements",Medium,"https://leetcode.com/problems/top-k-frequent-elements/",""
281,12,"Greedy Algorithms [Easy, Medium/Hard]","Easy Problems","Assign Cookies",Easy,"https://leetcode.com/problems/assign-cookies/","https://youtu.be/DIX2p7vb9co?si=GofAIDimue-Av0Fi"
282,12,"Greedy Algorithms [Easy, Medium/Hard]","Easy Problems","Fractional Knapsack",Medium,"","https://youtu.be/1ibsQrnuEEg?si=8R2By3wpHo0zZVHE"
283,12,"Greedy Algorithms [Easy, Medium/Hard]","Easy Problems","Lemonade Change",Easy,"https://leetcode.com/problems/lemonade-change/","https://youtu.be/n_tmibEhO6Q?si=q1NW8MfPy0QU6fIl"
284,12,"Greedy Algorithms [Easy, Medium/Hard]","Easy Problems","Valid Paranthesis Checker",Hard,"https://leetcode.com/problems/valid-parenthesis-string/","https://youtu.be/cHT6sG_hUZI?si=XRHeyh7jOaLaTy3g"
285,12,"Greedy Algorithms [Easy, Medium/Hard]","Medium/Hard","N meetings in one room",Medium,"","https://youtu.be/mKfhTotEguk?si=2RELeq18mpmIIN3Q"
286,12,"Greedy Algorithms [Easy, Medium/Hard]","Medium/Hard","Jump Game - I",Easy,"https://leetcode.com/problems/jump-game/","https://youtu.be/tZAa_jJ3SwQ?si=voKd7n9VTLDRRNzJ"
287,12,"Greedy Algorithms [Easy, Medium/Hard]","Medium/Hard","Jump Game II",Medium,"https://leetcode.com/problems/jump-game-ii/","https://youtu.be/7SBVnw7GSTk?si=9uUouBELh9K3m2jZ"
288,12,"Greedy Algorithms [Easy, Medium/Hard]","Medium/Hard","Minimum number of platforms required for a railway",Medium,"","https://youtu.be/AsGzwR_FWok?si=165acXU_dtqOHuo9"
289,12,"Greedy Algorithms [Easy, Medium/Hard]","Medium/Hard","Job sequencing Problem",Medium,"","https://youtu.be/QbwltemZbRg?si=wvcemJ5BLPlTRmkG"
290,12,"Greedy Algorithms [Easy, Medium/Hard]","Medium/Hard","Candy",Hard,"https://leetcode.com/problems/candy/","https://youtu.be/IIqVFvKE6RY?si=EjmuXZJNLQLUkEd7"
291,12,"Greedy Algorithms [Easy, Medium/Hard]","Medium/Hard","Shortest Job First",Medium,"","https://youtu.be/3-QbX1iDbXs?si=IH8QZUblr01F7UoQ"
292,12,"Greedy Algorithms [Easy, Medium/Hard]","Medium/Hard","Program for Least Recently Used (LRU) Page Replacement Algorithm",Medium,"",""
293,12,"Greedy Algorithms [Easy, Medium/Hard]","Medium/Hard","Insert Interval",Medium,"https://leetcode.com/problems/insert-interval/","https://youtu.be/xxRE-46OCC8?si=a7aPuIw16zDx2lAa"
294,12,"Greedy Algorithms [Easy, Medium/Hard]","Medium/Hard","Merge Intervals",Medium,"https://leetcode.com/problems/merge-intervals/","https://www.youtube.com/watch?v=2JzRBPFYbKE&list=PLgUwDviBIf0rPG3Ictpu74YWBQ1CaBkm2&index=6"
295,12,"Greedy Algorithms [Easy, Medium/Hard]","Medium/Hard","Non-overlapping Intervals",Medium,"https://leetcode.com/problems/non-overlapping-intervals/","https://youtu.be/HDHQ8lAWakY?si=JVtLqboGdpUTOVjf"
296,13,"Binary Trees [Traversals, Medium and Hard Problems]","Traversals","Introduction to Trees",Easy,"","https://youtu.be/_ANrF3FJm7I"
297,13,"Binary Trees [Traversals, Medium and Hard Problems]","Traversals","Binary Tree Representation in Java",Easy,"","https://youtu.be/hyLyW7rP24I"
298,13,"Binary Trees [Traversals, Medium and Hard Problems]","Traversals","Pre, Post, Inorder in one traversal",Easy,"","https://youtu.be/ySp2epYvgTE"
299,13,"Binary Trees [Traversals, Medium and Hard Problems]","Traversals","Preorder Traversal",Easy,"https://leetcode.com/problems/binary-tree-preorder-traversal/","https://youtu.be/RlUu72JrOCQ"
300,13,"Binary Trees [Traversals, Medium and Hard Problems]","Traversals","Inorder Traversal of Binary Tree",Easy,"https://leetcode.com/problems/binary-tree-inorder-traversal/","https://youtu.be/Z_NEgBgbRVI"
301,13,"Binary Trees [Traversals, Medium and Hard Problems]","Traversals","Postorder Traversal",Easy,"https://leetcode.com/problems/binary-tree-postorder-traversal/","https://youtu.be/2YBhNLodD8Q"
302,13,"Binary Trees [Traversals, Medium and Hard Problems]","Traversals","Level Order Traversal",Easy,"https://leetcode.com/problems/binary-tree-level-order-traversal/","https://youtu.be/EoAsWbO7sqg"
303,13,"Binary Trees [Traversals, Medium and Hard Problems]","Traversals","Iterative Preorder Traversal of Binary Tree",Easy,"https://leetcode.com/problems/binary-tree-preorder-traversal/","https://youtu.be/Bfqd8BsPVuw"
304,13,"Binary Trees [Traversals, Medium and Hard Problems]","Traversals","Iterative Inorder Traversal of Binary Tree",Easy,"https://leetcode.com/problems/binary-tree-inorder-traversal/","https://youtu.be/lxTGsVXjwvM"
305,13,"Binary Trees [Traversals, Medium and Hard Problems]","Traversals","Post-order Traversal of Binary Tree using 2 stack",Easy,"https://leetcode.com/problems/binary-tree-postorder-traversal/","https://youtu.be/2YBhNLodD8Q"
306,13,"Binary Trees [Traversals, Medium and Hard Problems]","Traversals","Post-order Traversal of Binary Tree using 1 stack",Easy,"https://leetcode.com/problems/binary-tree-postorder-traversal/","https://youtu.be/NzIGLLwZBS8"
307,13,"Binary Trees [Traversals, Medium and Hard Problems]","Traversals","Preorder, Inorder, and Postorder Traversal in one Traversal",Easy,"","https://youtu.be/ySp2epYvgTE"
308,13,"Binary Trees [Traversals, Medium and Hard Problems]","Medium Problems","Maximum Depth in BT",Medium,"https://leetcode.com/problems/maximum-depth-of-binary-tree/","https://youtu.be/eD3tmO66aBA"
309,13,"Binary Trees [Traversals, Medium and Hard Problems]","Medium Problems","Check for balanced binary tree",Medium,"https://leetcode.com/problems/balanced-binary-tree/","https://youtu.be/Yt50Jfbd8Po"
310,13,"Binary Trees [Traversals, Medium and Hard Problems]","Medium Problems","Diameter of Binary Tree",Easy,"https://leetcode.com/problems/diameter-of-binary-tree/","https://youtu.be/Rezetez59Nk"
311,13,"Binary Trees [Traversals, Medium and Hard Problems]","Medium Problems","Maximum path sum ",Medium,"https://leetcode.com/problems/binary-tree-maximum-path-sum/","https://youtu.be/WszrfSwMz58"
312,13,"Binary Trees [Traversals, Medium and Hard Problems]","Medium Problems","Check if two trees are identical or not",Medium,"https://leetcode.com/problems/same-tree/","https://youtu.be/BhuvF_-PWS0"
313,13,"Binary Trees [Traversals, Medium and Hard Problems]","Medium Problems","Zig Zag or Spiral Traversal",Medium,"https://leetcode.com/problems/binary-tree-zigzag-level-order-traversal/","https://youtu.be/3OXWEdlIGl4"
314,13,"Binary Trees [Traversals, Medium and Hard Problems]","Medium Problems","Boundary Traversal",Medium,"https://leetcode.com/problems/boundary-of-binary-tree/","https://youtu.be/0ca1nvR0be4"
315,13,"Binary Trees [Traversals, Medium and Hard Problems]","Medium Problems","Vertical Order Traversal",Medium,"https://leetcode.com/problems/vertical-order-traversal-of-a-binary-tree/","https://youtu.be/q_a6lpbKJdw"
316,13,"Binary Trees [Traversals, Medium and Hard Problems]","Medium Problems","Top View of BT",Medium,"","https://youtu.be/Et9OCDNvJ78"
317,13,"Binary Trees [Traversals, Medium and Hard Problems]","Medium Problems","Bottom view of BT",Medium,"","https://youtu.be/0FtVY6I4pB8"
318,13,"Binary Trees [Traversals, Medium and Hard Problems]","Medium Problems","Right/Left View of Binary Tree",Medium,"https://leetcode.com/problems/binary-tree-right-side-view/","https://youtu.be/KV4mRzTjlAk"
319,13,"Binary Trees [Traversals, Medium and Hard Problems]","Medium Problems","Symmetric Binary Tree",Medium,"https://leetcode.com/problems/symmetric-tree/","https://youtu.be/nKggiEpBE"
320,13,"Binary Trees [Traversals, Medium and Hard Problems]","Hard Problems","Print root to leaf path in BT",Medium,"","https://youtu.be/fmflMqVOC7k"
321,13,"Binary Trees [Traversals, Medium and Hard Problems]","Hard Problems","LCA in BT",Hard,"https://leetcode.com/problems/lowest-common-ancestor-of-a-binary-tree/","https://youtu.be/_-QHfMDde90"
322,13,"Binary Trees [Traversals, Medium and Hard Problems]","Hard Problems","Maximum Width of BT",Medium,"https://leetcode.com/problems/maximum-width-of-binary-tree/","https://youtu.be/ZbybYvcVLks"
323,13,"Binary Trees [Traversals, Medium and Hard Problems]","Hard Problems","Children Sum Property in Binary Tree",Medium,"","https://youtu.be/fnmisPM6cVo"
324,13,"Binary Trees [Traversals, Medium and Hard Problems]","Hard Problems","Print all nodes at a distance of K in BT",Hard,"https://leetcode.com/problems/all-nodes-distance-k-in-binary-tree/","https://youtu.be/i9ORlEy6EsI"
325,13,"Binary Trees [Traversals, Medium and Hard Problems]","Hard Problems","Minimum time taken to burn the BT from a given Node",Hard,"","https://youtu.be/2r5wLmQfD6g"
326,13,"Binary Trees [Traversals, Medium and Hard Problems]","Hard Problems","Count total nodes in a complete BT",Easy,"https://leetcode.com/problems/count-complete-tree-nodes/","https://youtu.be/u-yWemKGWO0"
327,13,"Binary Trees [Traversals, Medium and Hard Problems]","Hard Problems","Requirements needed to construct a unique BT",Medium,"","https://youtu.be/9GMECGQgWrQ"
328,13,"Binary Trees [Traversals, Medium and Hard Problems]","Hard Problems","Construct a BT from Preorder and Inorder",Hard,"https://leetcode.com/problems/construct-binary-tree-from-preorder-and-inorder-traversal/","https://youtu.be/aZNaLrVebKQ"
329,13,"Binary Trees [Traversals, Medium and Hard Problems]","Hard Problems","Construct the Binary Tree from Postorder and Inorder Traversal",Hard,"https://leetcode.com/problems/construct-binary-tree-from-inorder-and-postorder-traversal/","https://youtu.be/LgLRTaEMRVc"
330,13,"Binary Trees [Traversals, Medium and Hard Problems]","Hard Problems","Serialize and De-serialize BT",Hard,"https://leetcode.com/problems/serialize-and-deserialize-binary-tree/","https://youtu.be/-YbXySKJsX8"
331,13,"Binary Trees [Traversals, Medium and Hard Problems]","Hard Problems","Morris Preorder Traversal of a Binary Tree",Hard,"https://leetcode.com/problems/binary-tree-inorder-traversal/","https://youtu.be/80Zug6D1_r4"
332,13,"Binary Trees [Traversals, Medium and Hard Problems]","Hard Problems","Morris Inorder Traversal of a Binary Tree",Hard,"https://leetcode.com/problems/binary-tree-inorder-traversal/","https://youtu.be/80Zug6D1_r4"
333,13,"Binary Trees [Traversals, Medium and Hard Problems]","Hard Problems","Flatten Binary Tree to Linked List",Medium,"https://leetcode.com/problems/flatten-binary-tree-to-linked-list/","https://youtu.be/sWf7k1x9XR4"
334,14,"Binary Search Trees [Concept and Problems]","Concepts","Introduction to BST",Easy,"","https://youtu.be/p7-9UvDQZ3w"
335,14,"Binary Search Trees [Concept and Problems]","Concepts","Search in a Binary Search Tree",Easy,"https://leetcode.com/problems/search-in-a-binary-search-tree/","https://youtu.be/KcNt6v_56cc"
336,14,"Binary Search Trees [Concept and Problems]","Concepts","Find Min/Max in BST",Easy,"",""
337,14,"Binary Search Trees [Concept and Problems]","Practice Problems","Floor and Ceil in a BST",Easy,"","https://www.youtube.com/watch?v=xm_W1ub-K-w&list=PLgUwDviBIf0q8Hkd7bK2Bpryj2xVJk8Vk&index=43"
338,14,"Binary Search Trees [Concept and Problems]","Practice Problems","Floor in a Binary Search Tree",Easy,"","https://youtu.be/xm_W1ub-K-w"
339,14,"Binary Search Trees [Concept and Problems]","Practice Problems","Insert a given node in BST",Medium,"https://leetcode.com/problems/insert-into-a-binary-search-tree/","https://youtu.be/FiFiNvM29ps"
340,14,"Binary Search Trees [Concept and Problems]","Practice Problems","Delete a node in BST",Medium,"https://leetcode.com/problems/delete-node-in-a-bst/","https://youtu.be/kouxiP_H5WE"
341,14,"Binary Search Trees [Concept and Problems]","Practice Problems","Kth Smallest and Largest element in BST",Medium,"https://leetcode.com/problems/kth-smallest-element-in-a-bst/","https://youtu.be/9TJYWh0adfk"
342,14,"Binary Search Trees [Concept and Problems]","Practice Problems","Check if a tree is a BST or not",Medium,"https://leetcode.com/problems/validate-binary-search-tree/","https://youtu.be/f-sj7I5oXEI"
343,14,"Binary Search Trees [Concept and Problems]","Practice Problems","LCA in BST",Medium,"https://leetcode.com/problems/lowest-common-ancestor-of-a-binary-search-tree/","https://youtu.be/cX_kPV_foZc"
344,14,"Binary Search Trees [Concept and Problems]","Practice Problems","Construct a BST from a preorder traversal",Medium,"https://leetcode.com/problems/construct-binary-search-tree-from-preorder-traversal/","https://youtu.be/UmJT3j26t1I"
345,14,"Binary Search Trees [Concept and Problems]","Practice Problems","Inorder Successor/Predecessor in BST",Medium,"https://leetcode.com/problems/inorder-successor-in-bst/","https://youtu.be/SXKAD2svfmI"
346,14,"Binary Search Trees [Concept and Problems]","Practice Problems","Merge 2 BST's",Hard,"https://leetcode.com/problems/binary-search-tree-iterator/","https://youtu.be/D2jMcmxU4bs"
347,14,"Binary Search Trees [Concept and Problems]","Practice Problems","Two Sum In BST | Check if there exists a pair with Sum K",Hard,"https://leetcode.com/problems/two-sum-iv-input-is-a-bst/","https://youtu.be/ssL3sHwPeb4"
348,14,"Binary Search Trees [Concept and Problems]","Practice Problems","Correct BST with two nodes swapped",Hard,"https://leetcode.com/problems/recover-binary-search-tree/","https://youtu.be/ZWGW7FminDM"
349,14,"Binary Search Trees [Concept and Problems]","Practice Problems","Largest BST in Binary Tree",Hard,"https://leetcode.com/problems/maximum-sum-bst-in-binary-tree/","https://youtu.be/X0oXMdtUDwo"
350,15,"Graphs [Concepts & Problems]","Learning","Introduction to Graph",Easy,"","https://youtu.be/3oI-34aPMWM"
351,15,"Graphs [Concepts & Problems]","Learning","Graph Representation | C++",Easy,"","https://youtu.be/3oI-34aPMWM"
352,15,"Graphs [Concepts & Problems]","Learning","Graph Representation | Java",Easy,"","https://youtu.be/3oI-34aPMWM"
353,15,"Graphs [Concepts & Problems]","Learning","Connected Components",Medium,"",""
354,15,"Graphs [Concepts & Problems]","Learning","Traversal Techniques",Medium,"","https://youtu.be/Qzf1a--rhp8"
355,15,"Graphs [Concepts & Problems]","Learning","DFS",Medium,"","https://youtu.be/Qzf1a--rhp8"
356,15,"Graphs [Concepts & Problems]","Problems on BFS/DFS","Number of provinces",Medium,"https://leetcode.com/problems/number-of-provinces/#:~:text=A%20province%20is%20a%20group,the%20total%20number%20of%20provinces.","https://youtu.be/ACzkVtewUYA"
357,15,"Graphs [Concepts & Problems]","Problems on BFS/DFS","Connected Components Problem in Matrix",Medium,"",""
358,15,"Graphs [Concepts & Problems]","Problems on BFS/DFS","Rotten Oranges",Medium,"https://leetcode.com/problems/rotting-oranges/","https://www.youtube.com/watch?v=yf3oUhkvqA0"
359,15,"Graphs [Concepts & Problems]","Problems on BFS/DFS","Flood fill algorithm",Medium,"https://leetcode.com/problems/flood-fill/",""
360,15,"Graphs [Concepts & Problems]","Problems on BFS/DFS","Cycle Detection in Undirected Graph (bfs)",Hard,"","https://youtu.be/BPlrALf1LDU"
361,15,"Graphs [Concepts & Problems]","Problems on BFS/DFS","Detect a cycle in an undirected graph",Hard,"https://leetcode.com/problems/course-schedule/","https://youtu.be/zQ3zgFypzX4"
362,15,"Graphs [Concepts & Problems]","Problems on BFS/DFS","Distance of nearest cell having one",Medium,"https://leetcode.com/problems/01-matrix/","https://youtu.be/edXdVwkYHF8"
363,15,"Graphs [Concepts & Problems]","Problems on BFS/DFS","Surrounded Regions",Medium,"https://leetcode.com/problems/surrounded-regions/","https://youtu.be/BtdgAys4yMk"
364,15,"Graphs [Concepts & Problems]","Problems on BFS/DFS","Number of enclaves",Medium,"https://leetcode.com/problems/number-of-enclaves/","https://youtu.be/rxKcepXQgU4"
365,15,"Graphs [Concepts & Problems]","Problems on BFS/DFS","Word ladder I",Hard,"https://leetcode.com/problems/word-ladder/","https://youtu.be/tRPda0rcf8E"
366,15,"Graphs [Concepts & Problems]","Problems on BFS/DFS","Word ladder II",Hard,"https://leetcode.com/problems/word-ladder-ii/","https://youtu.be/AD4SFl7tu7I?si=EpcJQTWm2YeURvEG"
367,15,"Graphs [Concepts & Problems]","Problems on BFS/DFS","Number of islands",Medium,"https://leetcode.com/problems/number-of-islands/","https://www.youtube.com/watch?v=muncqlKJrH0&list=PLgUwDviBIf0oE3gA41TKO2H5bHpPd7fzn&index=8"
368,15,"Graphs [Concepts & Problems]","Problems on BFS/DFS","Bipartite Graph (DFS)",Hard,"https://leetcode.com/problems/is-graph-bipartite/","https://youtu.be/KG5YFfR0j8A"
369,15,"Graphs [Concepts & Problems]","Problems on BFS/DFS","Cycle Detection in Directed Graph (DFS)",Hard,"https://leetcode.com/problems/course-schedule-ii/discuss/293048/detecting-cycle-in-directed-graph-problem","https://youtu.be/9twcmtQj4DU"
370,15,"Graphs [Concepts & Problems]","Topo Sort and Problems","Topo Sort",Hard,"","https://youtu.be/5lZ0iJMrUMk"
371,15,"Graphs [Concepts & Problems]","Topo Sort and Problems","Topological sort or Kahn's algorithm",Hard,"","https://youtu.be/5lZ0iJMrUMk"
372,15,"Graphs [Concepts & Problems]","Topo Sort and Problems","Detect a cycle in a directed graph",Hard,"https://leetcode.com/problems/course-schedule/","https://www.youtube.com/watch?v=uzVUw90ZFIg&list=PLgUwDviBIf0rGEWe64KWas0Nryn7SCRWw&index=12"
373,15,"Graphs [Concepts & Problems]","Topo Sort and Problems","Course Schedule I",Hard,"https://leetcode.com/problems/course-schedule/","https://youtu.be/WAOfKpxYHR8"
374,15,"Graphs [Concepts & Problems]","Topo Sort and Problems","Course Schedule II",Medium,"https://leetcode.com/problems/course-schedule-ii/","https://youtu.be/WAOfKpxYHR8"
375,15,"Graphs [Concepts & Problems]","Topo Sort and Problems","Find eventual safe states",Hard,"https://leetcode.com/problems/find-eventual-safe-states/","https://youtu.be/2gtg3VsDGyc"
376,15,"Graphs [Concepts & Problems]","Topo Sort and Problems","Alien Dictionary",Hard,"https://leetcode.com/problems/alien-dictionary/solution/","https://youtu.be/U3N_je7tWAs"
377,15,"Graphs [Concepts & Problems]","Shortest Path Algorithms and Problems","Shortest path in undirected graph with unit weights",Hard,"","https://www.youtube.com/watch?v=C4gxoTaI71U&list=PLgUwDviBIf0oE3gA41TKO2H5bHpPd7fzn&index=28"
378,15,"Graphs [Concepts & Problems]","Shortest Path Algorithms and Problems","Shortest path in DAG",Hard,"","https://www.youtube.com/watch?v=ZUFQfFaU-8U&list=PLgUwDviBIf0oE3gA41TKO2H5bHpPd7fzn&index=27"
379,15,"Graphs [Concepts & Problems]","Shortest Path Algorithms and Problems","Djisktra's Algorithm",Hard,"","https://www.youtube.com/watch?v=rp1SMw7HSO8&list=PLgUwDviBIf0oE3gA41TKO2H5bHpPd7fzn&index=35"
380,15,"Graphs [Concepts & Problems]","Shortest Path Algorithms and Problems","Why priority Queue is used in Djisktra's Algorithm",Hard,"","https://www.youtube.com/watch?v=rp1SMw7HSO8&list=PLgUwDviBIf0oE3gA41TKO2H5bHpPd7fzn&index=35"
381,15,"Graphs [Concepts & Problems]","Shortest Path Algorithms and Problems","Shortest Distance in a Binary Maze",Hard,"https://leetcode.com/problems/shortest-path-in-binary-matrix/","https://www.youtube.com/watch?v=U5Mw4eyUmw4&list=PLgUwDviBIf0oE3gA41TKO2H5bHpPd7fzn&index=36"
382,15,"Graphs [Concepts & Problems]","Shortest Path Algorithms and Problems","Path with minimum effort",Hard,"https://leetcode.com/problems/path-with-minimum-effort/","https://youtu.be/0ytpZyiZFhA"
383,15,"Graphs [Concepts & Problems]","Shortest Path Algorithms and Problems","Cheapest flight within K stops",Hard,"https://leetcode.com/problems/cheapest-flights-within-k-stops/","https://youtu.be/9XybHVqTHcQ"
384,15,"Graphs [Concepts & Problems]","Shortest Path Algorithms and Problems","Network Delay Time",Medium,"https://leetcode.com/problems/network-delay-time/",""
385,15,"Graphs [Concepts & Problems]","Shortest Path Algorithms and Problems","Number of ways to arrive at destination",Hard,"https://leetcode.com/problems/number-of-ways-to-arrive-at-destination/","https://youtu.be/_-0mx0SmYxA"
386,15,"Graphs [Concepts & Problems]","Shortest Path Algorithms and Problems","Minimum multiplications to reach end",Hard,"","https://www.youtube.com/watch?v=_BvEJ3VIDWw&list=PLgUwDviBIf0oE3gA41TKO2H5bHpPd7fzn&index=39"
387,15,"Graphs [Concepts & Problems]","Shortest Path Algorithms and Problems","Bellman Ford Algorithm",Hard,"","https://youtu.be/0vVofAhAYjc"
388,15,"Graphs [Concepts & Problems]","Shortest Path Algorithms and Problems","Floyd warshall algorithm",Hard,"","https://www.youtube.com/watch?v=YbY8cVwWAvw&list=PLgUwDviBIf0oE3gA41TKO2H5bHpPd7fzn&index=42"
389,15,"Graphs [Concepts & Problems]","Shortest Path Algorithms and Problems","Find the city with the smallest number of neighbors",Hard,"https://leetcode.com/problems/find-the-city-with-the-smallest-number-of-neighbors-at-a-threshold-distance/","https://youtu.be/9XybHVqTHcQ"
390,15,"Graphs [Concepts & Problems]","MinimumSpanningTree/Disjoint Set and Problems","MST theory",Easy,"","https://youtu.be/ZSPjZuZWCME"
391,15,"Graphs [Concepts & Problems]","MinimumSpanningTree/Disjoint Set and Problems","Prim's Algorithm",Hard,"","https://youtu.be/mJcZjjKzeqk"
392,15,"Graphs [Concepts & Problems]","MinimumSpanningTree/Disjoint Set and Problems","Disjoint Set ",Hard,"","https://youtu.be/aBxjDBC4M1U"
393,15,"Graphs [Concepts & Problems]","MinimumSpanningTree/Disjoint Set and Problems","Find the MST weight",Hard,"","https://youtu.be/mJcZjjKzeqk"
394,15,"Graphs [Concepts & Problems]","MinimumSpanningTree/Disjoint Set and Problems","Number of operations to make network connected",Hard,"https://leetcode.com/problems/number-of-operations-to-make-network-connected/","https://youtu.be/FYrl7iz9_ZU"
395,15,"Graphs [Concepts & Problems]","MinimumSpanningTree/Disjoint Set and Problems","Most stones removed with same row or column",Medium,"https://leetcode.com/problems/most-stones-removed-with-same-row-or-column/","https://youtu.be/OwMNX8SPavM"
396,15,"Graphs [Concepts & Problems]","MinimumSpanningTree/Disjoint Set and Problems","Accounts merge",Hard,"https://leetcode.com/problems/accounts-merge/","https://youtu.be/FMwpt_aQOGw"
397,15,"Graphs [Concepts & Problems]","MinimumSpanningTree/Disjoint Set and Problems","Number of islands II",Hard,"https://leetcode.com/problems/number-of-islands-ii/","https://youtu.be/Rn6B-Q4SNyA"
398,15,"Graphs [Concepts & Problems]","MinimumSpanningTree/Disjoint Set and Problems","Making a large island",Hard,"https://leetcode.com/problems/making-a-large-island/","https://youtu.be/lgiz0Oup6gM"
399,15,"Graphs [Concepts & Problems]","MinimumSpanningTree/Disjoint Set and Problems","Swim in Rising Water",Medium,"https://leetcode.com/problems/swim-in-rising-water/",""
400,15,"Graphs [Concepts & Problems]","Other Algorithms","Bridges in graph",Hard,"https://leetcode.com/problems/critical-connections-in-a-network/discuss/382385/find-bridges-in-a-graph","https://youtu.be/qrAub5z8FeA"
401,15,"Graphs [Concepts & Problems]","Other Algorithms","Articulation point in graph",Hard,"","https://youtu.be/j1QDfU21iZk"
402,15,"Graphs [Concepts & Problems]","Other Algorithms","Kosaraju's algorithm",Hard,"https://leetcode.com/problems/maximum-number-of-non-overlapping-substrings/discuss/766485/kosaraju-algorithm-on","https://www.youtube.com/watch?v=V8qIqJxCioo&list=PLgUwDviBIf0rGEWe64KWas0Nryn7SCRWw&index=27"
403,16,"Dynamic Programming [Patterns and Problems]","Introduction to DP","Introduction to DP",Easy,"","https://youtu.be/tyB0ztf0DNY"
404,16,"Dynamic Programming [Patterns and Problems]","1D DP","Climbing stairs",Medium,"https://leetcode.com/problems/climbing-stairs/","https://youtu.be/mLfjzJsN8us"
405,16,"Dynamic Programming [Patterns and Problems]","1D DP","Frog Jump",Medium,"","https://www.youtube.com/watch?v=EgG3jsGoPvQ"
406,16,"Dynamic Programming [Patterns and Problems]","1D DP","Frog jump with K distances",Medium,"","https://www.youtube.com/watch?v=Kmh3rhyEtB8"
407,16,"Dynamic Programming [Patterns and Problems]","1D DP","Maximum sum of non adjacent elements",Medium,"https://leetcode.com/problems/house-robber/","https://www.youtube.com/watch?v=GrMBfJNk_NY"
408,16,"Dynamic Programming [Patterns and Problems]","1D DP","House robber",Medium,"https://leetcode.com/problems/house-robber-ii/","https://www.youtube.com/watch?v=3WaxQMELSkw"
409,16,"Dynamic Programming [Patterns and Problems]","2D/3D DP and DP on Grids","Ninja's training",Medium,"","https://www.youtube.com/watch?v=AE39gJYuRog"
410,16,"Dynamic Programming [Patterns and Problems]","2D/3D DP and DP on Grids","Grid Unique Paths : DP on Grids (DP8)",Medium,"https://leetcode.com/problems/unique-paths/","https://www.youtube.com/watch?v=sdE0A2Oxofw"
411,16,"Dynamic Programming [Patterns and Problems]","2D/3D DP and DP on Grids","Unique paths II",Medium,"https://leetcode.com/problems/unique-paths-ii/","https://www.youtube.com/watch?v=TmhpgXScLyY"
412,16,"Dynamic Programming [Patterns and Problems]","2D/3D DP and DP on Grids","Minimum Falling Path Sum",Medium,"https://leetcode.com/problems/minimum-path-sum/","https://youtu.be/_rgTlyky1uQ"
413,16,"Dynamic Programming [Patterns and Problems]","2D/3D DP and DP on Grids","Triangle",Medium,"https://leetcode.com/problems/triangle/","https://www.youtube.com/watch?v=SrP-PiLSYC0"
414,16,"Dynamic Programming [Patterns and Problems]","2D/3D DP and DP on Grids","Ninja and his Friends",Medium,"","https://www.youtube.com/watch?v=QGfn7JeXK54"
415,16,"Dynamic Programming [Patterns and Problems]","DP on Subsequences","Subset sum equal to target (DP- 14)",Hard,"","https://www.youtube.com/watch?v=fWX9xDmIzRI"
416,16,"Dynamic Programming [Patterns and Problems]","DP on Subsequences","Partition equal subset sum",Hard,"https://leetcode.com/problems/partition-equal-subset-sum/","https://www.youtube.com/watch?v=7win3dcgo3k"
417,16,"Dynamic Programming [Patterns and Problems]","DP on Subsequences","Partition a set into two subsets with minimum absolute sum difference",Hard,"https://leetcode.com/problems/partition-array-into-two-arrays-to-minimize-sum-difference/","https://www.youtube.com/watch?v=GS_OqZb2CWc"
418,16,"Dynamic Programming [Patterns and Problems]","DP on Subsequences","Count subsets with sum K",Hard,"","https://www.youtube.com/watch?v=ZHyb-A2Mte4"
419,16,"Dynamic Programming [Patterns and Problems]","DP on Subsequences","Count partitions with given difference",Hard,"","https://www.youtube.com/watch?v=zoilQD1kYSg"
420,16,"Dynamic Programming [Patterns and Problems]","DP on Subsequences","Assign Cookies",Easy,"https://leetcode.com/problems/assign-cookies/","https://youtu.be/DIX2p7vb9co?si=GofAIDimue-Av0Fi"
421,16,"Dynamic Programming [Patterns and Problems]","DP on Subsequences","Minimum Coins (DP - 20)",Hard,"https://leetcode.com/problems/coin-change/","https://www.youtube.com/watch?v=myPeWb3Y68A"
422,16,"Dynamic Programming [Patterns and Problems]","DP on Subsequences","Target sum",Hard,"https://leetcode.com/problems/target-sum/","https://www.youtube.com/watch?v=b3GD8263-PQ"
423,16,"Dynamic Programming [Patterns and Problems]","DP on Subsequences","Coin Change 2 (DP - 22)",Hard,"https://leetcode.com/problems/coin-change-2/","https://www.youtube.com/watch?v=HgyouUi11zk"
424,16,"Dynamic Programming [Patterns and Problems]","DP on Subsequences","Unbounded knapsack",Hard,"","https://youtu.be/OgvOZ6OrJoY"
425,16,"Dynamic Programming [Patterns and Problems]","DP on Subsequences","Rod Cutting Problem | (DP - 24)",Hard,"","https://youtu.be/mO8XpGoJwuo"
426,16,"Dynamic Programming [Patterns and Problems]","DP on Strings","Longest common subsequence",Hard,"","https://youtu.be/-zI4mrF2Pb4"
427,16,"Dynamic Programming [Patterns and Problems]","DP on Strings","Print Longest Common Subsequence | (DP - 26)",Hard,"","https://youtu.be/-zI4mrF2Pb4"
428,16,"Dynamic Programming [Patterns and Problems]","DP on Strings","Longest common substring",Hard,"","https://youtu.be/_wP9mWNPL5w"
429,16,"Dynamic Programming [Patterns and Problems]","DP on Strings","Longest palindromic subsequence",Hard,"https://leetcode.com/problems/longest-palindromic-subsequence/","https://youtu.be/6i_T5kkfv4A"
430,16,"Dynamic Programming [Patterns and Problems]","DP on Strings","Minimum insertions to make string palindrome | DP-29",Hard,"https://leetcode.com/problems/minimum-insertion-steps-to-make-a-string-palindrome/","https://www.youtube.com/watch?v=xPBLEj41rFU"
431,16,"Dynamic Programming [Patterns and Problems]","DP on Strings","Minimum insertions or deletions to convert string A to B",Hard,"https://leetcode.com/problems/delete-operation-for-two-strings/","https://www.youtube.com/watch?v=yMnH0jrir0Q"
432,16,"Dynamic Programming [Patterns and Problems]","DP on Strings","Shortest common supersequence",Hard,"https://leetcode.com/problems/shortest-common-supersequence/","https://youtu.be/xElxAuBcvsU"
433,16,"Dynamic Programming [Patterns and Problems]","DP on Strings","Distinct subsequences",Hard,"https://leetcode.com/problems/distinct-subsequences/","https://youtu.be/nVG7eTiD2bY"
434,16,"Dynamic Programming [Patterns and Problems]","DP on Strings","Edit distance",Hard,"https://leetcode.com/problems/edit-distance/","https://youtu.be/fJaKO8FbDdo"
435,16,"Dynamic Programming [Patterns and Problems]","DP on Strings","Wildcard matching",Hard,"https://leetcode.com/problems/wildcard-matching/","https://youtu.be/ZmlQ3vgAOMo"
436,16,"Dynamic Programming [Patterns and Problems]","DP on Stocks","Best time to buy and sell stock",Medium,"https://leetcode.com/problems/best-time-to-buy-and-sell-stock/","https://youtu.be/excAOvwF_Wk"
437,16,"Dynamic Programming [Patterns and Problems]","DP on Stocks","Best time to buy and sell stock II",Medium,"https://leetcode.com/problems/best-time-to-buy-and-sell-stock-ii/","https://youtu.be/nGJmxkUJQGs"
438,16,"Dynamic Programming [Patterns and Problems]","DP on Stocks","Best time to buy and sell stock III",Medium,"https://leetcode.com/problems/best-time-to-buy-and-sell-stock-iii/description/","https://youtu.be/-uQGzhYj8BQ"
439,16,"Dynamic Programming [Patterns and Problems]","DP on Stocks","Best time to buy and sell stock IV",Medium,"https://leetcode.com/problems/best-time-to-buy-and-sell-stock-iv/","https://youtu.be/IV1dHbk5CDc"
440,16,"Dynamic Programming [Patterns and Problems]","DP on Stocks","Best Time to Buy and Sell Stock with Cooldown",Medium,"https://leetcode.com/problems/best-time-to-buy-and-sell-stock-with-cooldown/","https://youtu.be/IGIe46xw3YY"
441,16,"Dynamic Programming [Patterns and Problems]","DP on Stocks","Best time to buy and sell stock with transaction fees",Medium,"https://leetcode.com/problems/best-time-to-buy-and-sell-stock-with-transaction-fee/","https://youtu.be/k4eK-vEmnKg"
442,16,"Dynamic Programming [Patterns and Problems]","DP on LIS","Longest Increasing Subsequence",Medium,"","https://youtu.be/on2hvxBXJH4"
443,16,"Dynamic Programming [Patterns and Problems]","DP on LIS","Print Longest Increasing Subsequence",Medium,"","https://youtu.be/IFfYfonAFGc"
444,16,"Dynamic Programming [Patterns and Problems]","DP on LIS","Longest Increasing Subsequence |(DP-43)",Medium,"","https://youtu.be/on2hvxBXJH4"
445,16,"Dynamic Programming [Patterns and Problems]","DP on LIS","Largest Divisible Subset",Medium,"https://leetcode.com/problems/largest-divisible-subset/","https://youtu.be/gDuZwBW9VvM"
446,16,"Dynamic Programming [Patterns and Problems]","DP on LIS","Longest String Chain",Medium,"https://leetcode.com/problems/longest-string-chain/","https://youtu.be/YY8iBaYcc4g"
447,16,"Dynamic Programming [Patterns and Problems]","DP on LIS","Longest Bitonic Subsequence",Medium,"","https://youtu.be/y4vN0WNdrlg"
448,16,"Dynamic Programming [Patterns and Problems]","DP on LIS","Number of Longest Increasing Subsequences",Medium,"https://leetcode.com/problems/number-of-longest-increasing-subsequence/","https://youtu.be/cKVl1TFdNXg"
449,16,"Dynamic Programming [Patterns and Problems]","MCM DP | Partition DP","Matrix chain multiplication",Hard,"","https://youtu.be/vRVfmbCFW7Y"
450,16,"Dynamic Programming [Patterns and Problems]","MCM DP | Partition DP","Matrix Chain Multiplication | Bottom-Up|(DP-49)",Hard,"","https://youtu.be/pDCXsbAw5Cg"
451,16,"Dynamic Programming [Patterns and Problems]","MCM DP | Partition DP","Minimum cost to cut the stick",Hard,"https://leetcode.com/problems/minimum-cost-to-cut-a-stick/","https://youtu.be/xwomavsC86c"
452,16,"Dynamic Programming [Patterns and Problems]","MCM DP | Partition DP","Burst balloons",Hard,"https://leetcode.com/problems/burst-balloons/","https://youtu.be/Yz4LlDSlkns"
453,16,"Dynamic Programming [Patterns and Problems]","MCM DP | Partition DP","Different Ways to Evaluate a Boolean Expression",Medium,"https://leetcode.com/problems/parsing-a-boolean-expression/","https://youtu.be/MM7fXopgyjw"
454,16,"Dynamic Programming [Patterns and Problems]","MCM DP | Partition DP","Palindrome partitioning II ",Hard,"https://leetcode.com/problems/palindrome-partitioning-ii/","https://youtu.be/_H8V5hJUGd0"
455,16,"Dynamic Programming [Patterns and Problems]","MCM DP | Partition DP","Partition Array for Maximum Sum",Medium,"https://leetcode.com/problems/partition-array-for-maximum-sum/","https://youtu.be/PhWWJmaKfMc"
456,16,"Dynamic Programming [Patterns and Problems]","DP on Squares","Maximum Rectangle Area with all 1's|(DP-55)",Hard,"https://leetcode.com/problems/maximal-rectangle/","https://youtu.be/tOylVCugy9k"
457,16,"Dynamic Programming [Patterns and Problems]","DP on Squares","Count Square Submatrices with All Ones|(DP-56)",Easy,"https://leetcode.com/problems/count-square-submatrices-with-all-ones/","https://youtu.be/auS1fynpnjo"
458,17,"Tries","Theory","Trie Implementation and Operations",Hard,"https://leetcode.com/problems/implement-trie-prefix-tree/","https://www.youtube.com/watch?v=dBGUmUQhjaM&list=PLgUwDviBIf0pcIDCZnxhv0LkHf5KzG9zp"
459,17,"Tries","Problems","Trie Implementation and Advanced Operations",Hard,"",""
460,17,"Tries","Problems","Longest Word with All Prefixes",Medium,"","https://www.youtube.com/watch?v=AWnBa91lThI&list=PLgUwDviBIf0pcIDCZnxhv0LkHf5KzG9zp&index=3"
461,17,"Tries","Problems","Number of distinct substrings in a string",Medium,"","https://www.youtube.com/watch?v=RV0QeTyHZxo&list=PLgUwDviBIf0pcIDCZnxhv0LkHf5KzG9zp&index=4"
462,17,"Tries","Problems","Bit PreRequisites for TRIE Problems",Easy,"","https://youtu.be/5iyuU4hQFrw"
463,17,"Tries","Problems","Maximum XOR of two numbers in an array",Hard,"https://leetcode.com/problems/maximum-xor-of-two-numbers-in-an-array/","https://www.youtube.com/watch?v=EIhAwfHubE8&list=PLgUwDviBIf0pcIDCZnxhv0LkHf5KzG9zp&index=6"
464,17,"Tries","Problems","Maximum Xor with an element from an array",Hard,"https://leetcode.com/problems/maximum-xor-with-an-element-from-array/","https://www.youtube.com/watch?v=Q8LhG9Pi5KM&list=PLgUwDviBIf0pcIDCZnxhv0LkHf5KzG9zp&index=7"
465,18,"Strings","Hard Problems","Minimum number of bracket reversals to make an expression balanced",Hard,"https://leetcode.com/problems/minimum-add-to-make-parentheses-valid/",""
466,18,"Strings","Hard Problems","Count and say",Hard,"https://leetcode.com/problems/count-and-say/",""
467,18,"Strings","Hard Problems","Hashing In Strings | Theory",Easy,"",""
468,18,"Strings","Hard Problems","Rabin Karp Algorithm",Hard,"https://leetcode.com/problems/repeated-string-match/discuss/416144/Rabin-Karp-algorithm-C%2B%2B-implementation",""
469,18,"Strings","Hard Problems","Z function",Hard,"",""
470,18,"Strings","Hard Problems","KMP Algorithm or LPS array",Hard,"https://leetcode.com/problems/implement-strstr/",""
471,18,"Strings","Hard Problems","Shortest Palindrome",Hard,"",""
472,18,"Strings","Hard Problems","Longest happy prefix",Hard,"https://leetcode.com/problems/longest-happy-prefix/",""
473,18,"Strings","Hard Problems","Count Palindromic Subsequences",Medium,"https://leetcode.com/problems/palindromic-substrings/",""